-- phpMyAdmin SQL Dump
-- version 5.0.2
-- https://www.phpmyadmin.net/
--
-- Hôte : 127.0.0.1
-- Généré le : lun. 03 août 2020 à 10:17
-- Version du serveur :  10.4.13-MariaDB
-- Version de PHP : 7.4.8

SET SQL_MODE = "NO_AUTO_VALUE_ON_ZERO";
START TRANSACTION;
SET time_zone = "+00:00";


/*!40101 SET @OLD_CHARACTER_SET_CLIENT=@@CHARACTER_SET_CLIENT */;
/*!40101 SET @OLD_CHARACTER_SET_RESULTS=@@CHARACTER_SET_RESULTS */;
/*!40101 SET @OLD_COLLATION_CONNECTION=@@COLLATION_CONNECTION */;
/*!40101 SET NAMES utf8mb4 */;

--
-- Base de données : `boutique`
--

-- --------------------------------------------------------

--
-- Structure de la table `categorie`
--

CREATE TABLE `categorie` (
  `id` int(11) NOT NULL,
  `nom` varchar(255) COLLATE utf8mb4_unicode_ci NOT NULL
) ENGINE=InnoDB DEFAULT CHARSET=utf8mb4 COLLATE=utf8mb4_unicode_ci;

--
-- Déchargement des données de la table `categorie`
--

INSERT INTO `categorie` (`id`, `nom`) VALUES
(1, 'telephone'),
(2, 'ordinateur'),
(3, 'electromenager'),
(4, 'livre'),
(5, 'jeux');

-- --------------------------------------------------------

--
-- Structure de la table `client`
--

CREATE TABLE `client` (
  `id` int(11) NOT NULL,
  `nom` varchar(255) COLLATE utf8mb4_unicode_ci NOT NULL,
  `prenom` varchar(255) COLLATE utf8mb4_unicode_ci DEFAULT NULL,
  `email` varchar(255) COLLATE utf8mb4_unicode_ci NOT NULL,
  `mot_de_passe` varchar(255) COLLATE utf8mb4_unicode_ci NOT NULL
) ENGINE=InnoDB DEFAULT CHARSET=utf8mb4 COLLATE=utf8mb4_unicode_ci;

--
-- Déchargement des données de la table `client`
--

INSERT INTO `client` (`id`, `nom`, `prenom`, `email`, `mot_de_passe`) VALUES
(1, 'Le Roux', 'Bernadette', 'bigot.jacques@example.com', '123456'),
(2, 'Rodriguez', 'Nathalie', 'joubert.laurent@example.org', '123456'),
(3, 'Ramos', 'Martine', 'jean.rocher@example.net', '123456'),
(4, 'Picard', 'Susan', 'jlebrun@example.net', '123456'),
(5, 'Briand', 'Michelle', 'laetitia.mahe@example.org', '123456'),
(6, 'Pages', 'Adèle', 'eric.guibert@example.com', '123456'),
(7, 'Roy', 'Inès', 'claudine04@example.org', '123456'),
(8, 'Rousset', 'Caroline', 'mahe.jacques@example.org', '123456'),
(9, 'Regnier', 'Célina', 'ifernandes@example.net', '123456'),
(10, 'Lecomte', 'Dominique', 'dacosta.eugene@example.com', '123456'),
(11, 'Cordier', 'Lucie', 'simone81@example.org', '123456'),
(12, 'Lefebvre', 'Andrée', 'mlenoir@example.com', '123456'),
(13, 'Brun', 'Manon', 'mmarin@example.net', '123456'),
(14, 'Perret', 'Claudine', 'claude89@example.org', '123456'),
(15, 'Blanchet', 'Virginie', 'caroline.ledoux@example.com', '123456'),
(16, 'Lambert', 'Martine', 'honore77@example.net', '123456'),
(17, 'Guerin', 'Louise', 'franck.hamel@example.com', '123456'),
(18, 'Diaz', 'Éléonore', 'pierre.dorothee@example.com', '123456'),
(19, 'Roche', 'Michelle', 'helene.dumont@example.org', '123456'),
(20, 'Gallet', 'Denise', 'oimbert@example.com', '123456'),
(21, 'Fontaine', 'Véronique', 'diane34@example.net', '123456'),
(22, 'Richard', 'Michelle', 'laure22@example.org', '123456'),
(23, 'Fernandes', 'Laure', 'nicolas88@example.com', '123456'),
(24, 'Gaudin', 'Jeanne', 'helene45@example.org', '123456'),
(25, 'Lecomte', 'Geneviève', 'hdijoux@example.com', '123456'),
(26, 'Colas', 'Michelle', 'anne.menard@example.net', '123456'),
(27, 'Guillaume', 'Céline', 'lucas09@example.net', '123456'),
(28, 'Vaillant', 'Nathalie', 'cbouvier@example.org', '123456'),
(29, 'Lamy', 'Céline', 'brigitte93@example.net', '123456'),
(30, 'Lebon', 'Sophie', 'thibault.renard@example.net', '123456'),
(31, 'Valette', 'Geneviève', 'jpelletier@example.com', '123456'),
(32, 'Caron', 'Aurore', 'smarques@example.com', '123456'),
(33, 'Cousin', 'Louise', 'kpetitjean@example.com', '123456'),
(34, 'Robin', 'Geneviève', 'aledoux@example.com', '123456'),
(35, 'Clerc', 'Frédérique', 'daniel66@example.org', '123456'),
(36, 'Martinez', 'Charlotte', 'paul67@example.net', '123456'),
(37, 'Gerard', 'Christine', 'julien23@example.com', '123456'),
(38, 'Regnier', 'Maryse', 'charles50@example.org', '123456'),
(39, 'Charrier', 'Claudine', 'sauvage.thibaut@example.org', '123456'),
(40, 'Marty', 'Lucy', 'bertrand.chevallier@example.org', '123456'),
(41, 'Blin', 'Isabelle', 'raymond.thierry@example.net', '123456'),
(42, 'Delmas', 'Corinne', 'pineau.victoire@example.net', '123456'),
(43, 'Turpin', 'Adrienne', 'brigitte.allard@example.org', '123456'),
(44, 'Chretien', 'Jacqueline', 'lambert.elodie@example.net', '123456'),
(45, 'Gomez', 'Anne', 'marie06@example.net', '123456'),
(46, 'Colin', 'Alexandrie', 'thibault37@example.net', '123456'),
(47, 'Lelievre', 'Anouk', 'xavier.thibault@example.com', '123456'),
(48, 'Fleury', 'Emmanuelle', 'frederic.marion@example.com', '123456'),
(49, 'Riou', 'Renée', 'erenault@example.org', '123456'),
(50, 'Guillou', 'Catherine', 'boulay.aurore@example.org', '123456'),
(51, 'Boulanger', 'Catherine', 'arthur13@example.com', '123456'),
(52, 'Marty', 'Adélaïde', 'valerie.legendre@example.net', '123456'),
(53, 'Roger', 'Aurélie', 'penelope77@example.net', '123456'),
(54, 'Moreno', 'Adèle', 'orousset@example.org', '123456'),
(55, 'Gosselin', 'Laurence', 'ypages@example.org', '123456'),
(56, 'Dumont', 'Dominique', 'bailly.thibaut@example.org', '123456'),
(57, 'Hardy', 'Emmanuelle', 'charles73@example.org', '123456'),
(58, 'Techer', 'Élise', 'joseph.lebon@example.com', '123456'),
(59, 'Pierre', 'Juliette', 'caroline.andre@example.net', '123456'),
(60, 'Parent', 'Michelle', 'nath.leroux@example.org', '123456'),
(61, 'Allard', 'Élise', 'denise.lacroix@example.org', '123456'),
(62, 'Coste', 'Margot', 'zdasilva@example.com', '123456'),
(63, 'De Sousa', 'Céline', 'denis.grondin@example.com', '123456'),
(64, 'Colin', 'Michèle', 'bertin.edouard@example.net', '123456'),
(65, 'Delattre', 'Hortense', 'lombard.suzanne@example.org', '123456'),
(66, 'Dumont', 'Jeannine', 'theophile12@example.net', '123456'),
(67, 'Diallo', 'Corinne', 'lebon.christelle@example.com', '123456'),
(68, 'Fournier', 'Emmanuelle', 'jacques.teixeira@example.org', '123456'),
(69, 'Masse', 'Martine', 'caroline76@example.com', '123456'),
(70, 'Sanchez', 'Michelle', 'hfournier@example.net', '123456'),
(71, 'Delaunay', 'Édith', 'emmanuelle78@example.net', '123456'),
(72, 'Gimenez', 'Marthe', 'gregoire.antoine@example.org', '123456'),
(73, 'De Oliveira', 'Nathalie', 'etienne.nicolas@example.net', '123456'),
(74, 'Baron', 'Capucine', 'joseph.leger@example.com', '123456'),
(75, 'Da Silva', 'Édith', 'gilbert92@example.net', '123456'),
(76, 'Louis', 'Olivie', 'jdelmas@example.org', '123456'),
(77, 'Colin', 'Capucine', 'josephine41@example.net', '123456'),
(78, 'Buisson', 'Valentine', 'hbazin@example.org', '123456'),
(79, 'Andre', 'Odette', 'reynaud.jules@example.net', '123456'),
(80, 'Bertrand', 'Odette', 'delorme.susan@example.org', '123456'),
(81, 'Pascal', 'Valentine', 'nbrunet@example.org', '123456'),
(82, 'Bernier', 'Suzanne', 'zguyon@example.org', '123456'),
(83, 'Valette', 'Margaret', 'xavier.rodriguez@example.com', '123456'),
(84, 'Richard', 'Laurence', 'cecile.diaz@example.org', '123456'),
(85, 'Brun', 'Marthe', 'lvalette@example.org', '123456'),
(86, 'Gauthier', 'Susanne', 'tbertrand@example.net', '123456'),
(87, 'Lagarde', 'Marcelle', 'helene.huet@example.com', '123456'),
(88, 'Weber', 'Lorraine', 'patrick.henry@example.net', '123456'),
(89, 'Costa', 'Aurore', 'icoulon@example.org', '123456'),
(90, 'Clerc', 'Chantal', 'cecile44@example.com', '123456'),
(91, 'Legendre', 'Margaud', 'nlemonnier@example.net', '123456'),
(92, 'Bourdon', 'Valérie', 'michelle.rolland@example.org', '123456'),
(93, 'Renard', 'Olivie', 'joseph.riou@example.com', '123456'),
(94, 'Guyon', 'Margot', 'eric01@example.com', '123456'),
(95, 'Nicolas', 'Alexandria', 'antoinette.julien@example.net', '123456'),
(96, 'Paul', 'Manon', 'flefebvre@example.com', '123456'),
(97, 'Valentin', 'Alexandria', 'auguste.delaunay@example.net', '123456'),
(98, 'Martel', 'Mathilde', 'gay.patricia@example.com', '123456'),
(99, 'Vaillant', 'Antoinette', 'genevieve93@example.org', '123456'),
(100, 'Marques', 'Véronique', 'zacharie88@example.com', '123456');

-- --------------------------------------------------------

--
-- Structure de la table `commande`
--

CREATE TABLE `commande` (
  `id` int(11) NOT NULL,
  `client_id` int(11) NOT NULL,
  `numero` varchar(255) COLLATE utf8mb4_unicode_ci NOT NULL,
  `date_commande` datetime NOT NULL
) ENGINE=InnoDB DEFAULT CHARSET=utf8mb4 COLLATE=utf8mb4_unicode_ci;

--
-- Déchargement des données de la table `commande`
--

INSERT INTO `commande` (`id`, `client_id`, `numero`, `date_commande`) VALUES
(1, 2, 'b294c1f7-dd0c-3f9a-a97d-e1c5af587b0f', '2019-06-03 14:32:04'),
(2, 2, '137137ab-cbc3-372f-939c-4ab942014dde', '2019-02-23 01:47:54'),
(3, 2, '286dd082-3ab0-3e32-b7fc-34291193124e', '2018-12-18 11:26:52'),
(4, 2, 'd2828a0e-7402-3670-8da3-2b4f02d3ff82', '2019-03-23 02:30:54'),
(5, 2, '97ab513c-4658-3dcb-a357-ac309e76bc5b', '2020-02-14 11:40:42'),
(6, 2, '60f4bf92-130c-36cf-a524-9ef750a37e70', '2020-04-07 11:12:19'),
(7, 2, '76d2defb-57e4-3aa3-9e96-d8208d9ef1cb', '2018-10-12 17:15:44'),
(8, 2, 'd8071b7a-6351-320c-bff9-81f267934f03', '2020-03-19 13:56:50'),
(9, 2, 'd3c44d0b-f380-3813-a076-aa0a47eda1e5', '2019-07-28 11:31:03'),
(10, 2, '979ee9ab-870c-30ba-a70c-6db673db6edc', '2020-02-29 04:31:54'),
(11, 4, '8ebee734-039b-319f-91c6-d880b4b3929c', '2019-11-17 07:41:38'),
(12, 4, '43bf45c7-ce84-36a5-93e8-f157e469d26d', '2020-01-24 07:12:46'),
(13, 4, 'd6094aa3-8a2a-357a-a52b-5780eccc3184', '2020-06-11 17:57:29'),
(14, 4, '50e85da0-0156-3d13-b2a0-2cd56c4bbaa4', '2019-12-06 06:29:29'),
(15, 4, 'cb5553e1-ae5d-330c-8df2-c37393e08bae', '2020-01-21 09:36:57'),
(16, 4, '8e7efd81-e3bd-3b69-82c5-fe9e3d171004', '2020-05-20 15:26:42'),
(17, 4, '5b68599c-092d-3c6b-94ef-79af66e65249', '2019-05-01 05:01:32'),
(18, 4, '63d8f443-c371-3253-bccf-d31099e840b5', '2019-11-09 05:16:48'),
(19, 5, '273b8dc2-a469-3236-acd3-532e476d1cbb', '2020-06-08 12:38:12'),
(20, 5, '1229bb1d-7b37-3487-a352-22a15ff5f9bc', '2020-05-20 06:05:28'),
(21, 5, 'd4fa371c-8468-3030-8eca-b54acf9ce9fc', '2020-07-13 06:41:56'),
(22, 5, '3ed2dba7-d058-3210-82c0-dd198e3a4fb5', '2019-06-27 13:08:14'),
(23, 5, 'd1ba1bbb-03d3-3139-81c9-d967e854cfea', '2020-01-08 01:58:35'),
(24, 6, 'bc406b25-6bb6-342f-b65f-5bebc2753728', '2019-11-06 22:20:34'),
(25, 8, 'ac1a9991-7704-35a4-a47e-c1384433101c', '2019-02-05 18:45:31'),
(26, 8, 'be168d9b-36c4-3048-b619-9f0d41feb28a', '2019-08-13 22:39:23'),
(27, 8, '3338082f-8231-33a5-a4bb-600e2d8395d1', '2019-06-27 21:01:50'),
(28, 8, '7f6cd31f-a695-3322-b879-5d4d69e4fd62', '2019-10-25 18:44:25'),
(29, 8, '7ca1fac8-aed4-3ca7-9654-c470543b5e83', '2020-04-24 14:00:25'),
(30, 8, '8befe54b-7a31-30ee-a524-e3d5e7a8ea75', '2020-01-16 06:34:17'),
(31, 8, 'b587b568-a427-3c06-ae7f-f721fc826b70', '2019-07-26 10:00:44'),
(32, 8, 'c9a036c8-be46-3a43-8480-aa0cf36ccbdc', '2019-05-23 02:12:11'),
(33, 9, '02e3bafc-0733-3aa1-9ed7-1c725c0e3abd', '2018-08-11 20:40:56'),
(34, 9, '8663b885-76fa-3c52-887f-f67ae3276364', '2020-07-27 08:35:31'),
(35, 9, '58747b16-93b5-3353-93e9-e5af0f6a6462', '2020-05-09 11:35:30'),
(36, 9, 'e44349c2-45f8-3ce6-9d4a-1f8b038e428e', '2019-09-12 21:33:28'),
(37, 9, '3e79b0a4-a33a-384e-bd2f-55eeb52edeb1', '2019-03-18 20:58:49'),
(38, 9, '397ea345-6b9a-33fb-9edf-f866e555773f', '2019-12-07 04:42:05'),
(39, 10, '3f2b24a6-2b9f-38ca-a959-c4fb65104434', '2019-01-19 18:07:22'),
(40, 10, '0c26b033-9fb8-3885-81e6-c99edbb1e1c4', '2019-09-17 16:34:16'),
(41, 10, '6bc146a8-ef9d-3181-8340-6051281961f4', '2018-09-19 05:36:00'),
(42, 11, '33db0b88-b883-3de9-a720-3ddebe75f132', '2019-07-17 11:39:08'),
(43, 11, 'bb5ac6fd-7642-3c69-8f3c-3cb8bcd550fa', '2020-03-30 21:01:00'),
(44, 12, '89154fc2-c2a7-363a-8428-c8a7d427750a', '2019-12-03 04:11:34'),
(45, 12, '7cc36f77-209c-3046-9ff4-246168a90546', '2019-09-22 12:48:18'),
(46, 12, 'ebef68fc-22f5-3ed0-96a4-16f01b575fe9', '2018-12-27 14:22:17'),
(47, 13, '28379f27-bf52-3843-b762-5f4b6bf0bae3', '2020-07-02 15:16:47'),
(48, 13, '097fdbca-e2d3-3ae8-876f-4f023200913a', '2019-06-04 15:07:35'),
(49, 13, 'a6afa5e2-7cce-3794-940b-8698c7d02f5a', '2019-10-21 15:11:37'),
(50, 13, '119ee059-aff9-3d2d-8127-be91ee06bb28', '2019-03-07 01:11:27'),
(51, 13, 'a5d439d8-877f-30c2-ad37-5e78c74bec03', '2019-08-11 11:24:21'),
(52, 13, '40b30a6d-fb33-36af-87fd-66dfbbd2b7b5', '2020-06-08 20:51:46'),
(53, 13, '39f5d7c9-1223-3a58-a55c-2f30fee13adf', '2020-01-05 17:21:49'),
(54, 13, '88b87599-6c40-3969-a2f6-5a849fb7c6ee', '2020-01-11 21:12:05'),
(55, 13, '7ce1b273-a913-34ae-9fbb-ccd2e74489ad', '2018-09-22 19:04:29'),
(56, 14, '4a0f2978-71ce-3b2e-9ae2-5257c1b07aeb', '2019-10-14 03:42:39'),
(57, 14, 'ed3bbb4b-f09e-3579-9323-8df988a2da7e', '2019-09-02 10:53:46'),
(58, 14, 'edb2472b-9a04-347f-9f85-7266f02683f7', '2019-10-17 19:20:10'),
(59, 14, 'a5129584-9226-366d-8aec-1e52ac7b0baa', '2020-06-29 21:39:09'),
(60, 14, 'ba6d5019-c9ce-36ff-8436-ddff984b7e62', '2019-12-19 06:46:35'),
(61, 14, 'e9cb4fb4-683c-3dd8-970f-341da073ad7e', '2020-01-11 07:25:48'),
(62, 14, 'b426cd3a-01d7-313a-9f20-2ab9833d0606', '2019-11-02 22:53:20'),
(63, 14, '77a89b3e-28a3-3a44-b46a-b868c5ed49e2', '2019-06-03 17:30:22'),
(64, 14, '6cfc4441-633b-3d3b-850a-d16d1f650ec4', '2020-05-11 16:09:36'),
(65, 14, '753b3929-2a64-3333-b582-218afdb5fcd6', '2020-05-31 10:42:41'),
(66, 15, 'd5b15552-875c-3a1b-a200-fe3a0d7fcdb5', '2020-06-25 02:31:28'),
(67, 15, 'e1b83b60-afa2-3617-a496-72b4728c9a12', '2018-09-29 18:06:30'),
(68, 15, '84bf899b-2640-30ca-85d3-dc42ebff8e8d', '2020-04-24 18:24:20'),
(69, 15, '238d1b67-89d4-387e-991d-5f3ec1f843fd', '2019-03-17 07:56:45'),
(70, 15, '889def4f-ec7b-321c-9c65-d234f0b6c6d1', '2020-02-24 09:48:51'),
(71, 15, '0dd01486-7200-3597-b21f-15e6fb8587be', '2019-04-29 22:55:16'),
(72, 15, '7daea394-91ac-3b0c-ae7e-2ad65b693681', '2018-10-14 05:54:27'),
(73, 15, 'e700ebee-728f-373c-876d-64a0c0216bb4', '2019-08-05 18:48:57'),
(74, 15, '59388acb-6cfe-3fa0-be4e-f18bfd96e238', '2018-09-01 15:14:22'),
(75, 15, '15b611b0-8a9a-3d09-a863-1a255ef6a975', '2019-09-23 22:42:39'),
(76, 16, 'b427c6df-bf43-3922-b38f-4e773e11be7c', '2019-05-23 06:43:44'),
(77, 16, '95959b4c-bc82-3fec-8530-e057349b0aab', '2018-12-08 20:04:10'),
(78, 17, '865bbb18-0511-34ba-88f8-48a1f915db98', '2019-08-20 12:45:53'),
(79, 17, '11828217-ba13-3683-8813-44c7edfbb21c', '2020-06-29 03:18:53'),
(80, 17, '851085ef-23d5-3fd3-a818-eb8beb148aed', '2020-06-28 16:52:57'),
(81, 17, '90f6e16f-ca99-326d-960c-472d2ea52a50', '2020-03-21 18:57:28'),
(82, 17, '4ba992c5-f4d7-3613-b2ea-66cf142c2375', '2020-03-24 14:12:11'),
(83, 17, '5ea61069-9664-34fd-8543-b2594759de19', '2019-11-26 16:36:36'),
(84, 17, '744b80ad-2acf-3ade-89bc-06a15421b557', '2019-03-02 03:21:58'),
(85, 17, '8886d4b4-d6ea-368f-8e58-294cd3c4534a', '2018-12-20 12:44:45'),
(86, 17, 'cd733ea1-24de-30da-9421-abcd21584155', '2018-09-17 01:28:58'),
(87, 17, 'dc6f34dd-1346-3d31-af61-f919f362f890', '2019-11-13 21:34:33'),
(88, 18, 'c0f4c579-2f1d-3eb0-bf8b-1d81a4d2dde7', '2019-07-07 01:33:32'),
(89, 18, '6a5a2b9c-eadf-37bf-b7a0-9a82c94899ef', '2020-02-22 12:44:52'),
(90, 19, 'f7a646b4-2772-3722-a62a-5666ffa86d52', '2018-09-14 03:37:24'),
(91, 20, 'd05fc0df-14bd-3533-8339-d42b54d47e8a', '2019-12-05 05:32:59'),
(92, 20, '36c2b0ca-49a0-3f7c-8255-38ae54ce560b', '2019-06-16 04:30:35'),
(93, 20, 'ad1c3876-643a-3247-9c42-a1329c69d1de', '2019-04-20 14:55:36'),
(94, 20, '683f8f0f-c293-3848-a575-42900fa1279e', '2019-03-20 04:15:57'),
(95, 21, '8a6503f6-7b08-3846-baa3-570f62d50e86', '2020-04-03 07:57:25'),
(96, 21, 'bfc5c2b8-894c-32df-a146-e7882535fdfc', '2019-10-30 18:09:49'),
(97, 21, 'dcedf8e5-35d5-3da7-adeb-0fae32d6ef04', '2019-10-25 04:34:38'),
(98, 21, '82165e5f-a123-358e-905a-200923243f51', '2019-02-19 03:17:47'),
(99, 21, '50095c67-a5b3-3e75-a9bc-c9e544ae8537', '2019-01-25 22:21:40'),
(100, 21, '6e4a193b-0d42-366a-b153-13ae00462e51', '2018-12-14 18:51:30'),
(101, 21, 'e40e1828-9359-3da1-b3a9-b71552c1f06c', '2019-07-28 18:13:41'),
(102, 21, '13672b7f-493d-39d3-b634-ac2b295ce2a1', '2019-04-28 13:31:07'),
(103, 21, 'c53ef625-3df7-3ca2-bfbe-e7c4951714e3', '2018-08-29 15:40:07'),
(104, 21, 'fab4e118-dff7-39ec-9e5c-699bece1385b', '2019-09-09 16:43:08'),
(105, 22, '3ffc5de5-dd23-39bd-9f9d-69512c4877b9', '2019-06-11 07:23:11'),
(106, 22, 'd5368746-aa4a-32dc-9d67-06b60edb53b6', '2020-03-27 17:49:03'),
(107, 22, '3b54b7ba-16c0-311a-be9a-e4f1b7b26fc1', '2019-05-20 13:59:53'),
(108, 22, '45e09dba-7bdf-38d8-a7a5-6c500ff3703c', '2019-11-13 00:00:20'),
(109, 22, '61b1521d-7bd4-3ea7-95c4-2d1d08c8fe03', '2019-08-21 19:59:48'),
(110, 23, '9ec67e8c-dd44-314b-ae98-4dd19e26ff80', '2019-07-02 18:58:53'),
(111, 23, '74d27e6d-05ec-3fb7-8895-359c600641a4', '2018-11-29 05:11:47'),
(112, 23, 'fd3f188c-dbe0-36d0-bb0a-ad0e036806f5', '2019-05-02 03:21:54'),
(113, 23, 'e9ca85a9-e81e-39ff-8547-77fd1b869bec', '2018-08-19 02:13:44'),
(114, 23, '46a6a4f9-df13-3830-a992-68d881381964', '2018-11-14 15:14:12'),
(115, 23, '8c9a211f-ba72-3929-9f4f-62a4f14e6400', '2018-12-11 05:15:23'),
(116, 23, '72f5304b-2627-3819-9445-3d38952eb6d4', '2019-02-16 02:19:47'),
(117, 24, 'ec73b772-d888-38c7-8901-d4342a74b4d3', '2018-10-25 22:34:18'),
(118, 24, '392840ab-1cf6-386e-8e8c-8fc20ea93992', '2019-01-08 21:07:19'),
(119, 24, '2f30bafa-6b8a-3c71-9d2a-b8f4a6d5fdf8', '2018-11-23 21:16:36'),
(120, 24, '27cdad0b-fc4d-39f4-b811-089438610a42', '2019-02-18 18:13:17'),
(121, 24, '033c1314-2be8-39c3-bb2c-f786e1192c06', '2020-07-18 05:48:05'),
(122, 24, '99057a0b-1793-3684-817d-9a44ab9b66a9', '2019-01-01 06:53:41'),
(123, 24, 'abcc9a49-9abc-3f77-9131-f4ece7c77728', '2018-10-13 00:40:37'),
(124, 24, '9c6d4b28-810c-3e32-a8ac-342816945146', '2019-06-03 07:28:20'),
(125, 24, '93950b02-4d2d-326e-8a5e-5202dda53924', '2019-05-28 15:20:58'),
(126, 25, '8cbe8579-e05a-3c1f-9a6e-1a356242dd7e', '2019-10-06 08:39:35'),
(127, 25, '377ca473-22cf-3fad-8a21-a1c3e84e85d0', '2018-09-12 23:55:47'),
(128, 26, '04a7ff9e-a979-3c56-a7b3-d22d6ecf487b', '2019-02-09 16:52:10'),
(129, 26, 'da973b4a-083f-3ad7-b3ec-a13c551b5447', '2020-04-28 15:21:21'),
(130, 26, '9473f7df-ef96-3f88-a383-c1cd7af465ed', '2019-08-24 17:53:48'),
(131, 27, '1bcc3589-2204-3be4-938b-37581d96bc65', '2020-01-28 05:08:24'),
(132, 27, 'ee4f5a97-cbab-3364-ab88-76d7bf37d6ac', '2019-07-03 11:45:37'),
(133, 27, '4a1213f9-04a9-3617-9e24-4aa0d0437795', '2019-07-30 09:58:30'),
(134, 27, '0aa16150-b405-3544-8f55-419f0cd9f202', '2019-07-19 17:24:33'),
(135, 27, '1a53659e-69d5-3910-93a1-1c3e5c8a2525', '2019-09-20 05:14:43'),
(136, 27, '8620dbac-0a1b-3dde-9f46-342c4c159fa4', '2018-12-03 14:42:05'),
(137, 27, '2d5b1463-96a4-39d3-86bb-69156eed1d2f', '2020-07-14 18:31:12'),
(138, 27, 'be5f6da8-eedf-3139-95f4-f3304ef63270', '2019-06-23 22:18:16'),
(139, 27, 'aa0e4127-c9a1-32bd-a90f-42a33e5aaeb9', '2020-02-05 20:29:59'),
(140, 28, '0fa737df-fc82-3440-8267-4bd46309fbdd', '2019-08-25 00:31:52'),
(141, 28, '546f3063-71ab-372a-843a-31047ec8d366', '2020-04-08 08:44:29'),
(142, 28, '15341553-ac6d-36ec-937b-b06e8b08746b', '2019-10-16 08:51:35'),
(143, 28, 'e6dfa937-a96a-376c-92c1-79b981d2df8f', '2020-07-21 20:04:29'),
(144, 28, '23a6bbf0-5c7c-39e4-ab6f-9cd6d7c6a579', '2019-03-31 07:19:12'),
(145, 28, '7fa0b73e-be3b-32fd-b319-662b9f04d30e', '2019-04-19 08:12:41'),
(146, 28, 'a51068bb-076e-3b2f-b562-acf5a7e93fe1', '2018-09-02 09:51:43'),
(147, 28, '744df18f-250c-3b1a-89f5-8bae05a4ab31', '2018-09-20 01:42:46'),
(148, 28, '952e6df6-7f93-3eaa-9743-c81672dffecc', '2018-12-04 07:17:58'),
(149, 29, 'ca43d464-512d-3a76-88da-3d72c489605c', '2019-02-26 00:46:40'),
(150, 29, '4d3d4782-0d70-327e-bec4-9daaaa4ab20f', '2018-12-31 04:05:52'),
(151, 29, '319df6ac-9d4a-3be3-bc8b-0b5d7e4462d1', '2019-07-31 22:01:17'),
(152, 30, '0e058fcd-77dd-3526-90f3-92b8a7bf6ca2', '2018-08-05 03:29:07'),
(153, 30, '7563ed9c-0f1b-3a72-8d3d-18f33f92d930', '2020-06-10 10:47:47'),
(154, 30, 'bca7de85-4346-3a3e-ab73-7d0f5aa86464', '2019-02-18 12:44:36'),
(155, 30, '8a69d539-482d-39e0-9445-8870a9fc21b7', '2018-10-26 00:19:17'),
(156, 30, '635452ad-d975-3706-a32c-32ecef17328a', '2020-04-01 19:46:30'),
(157, 30, '60796ca0-5a95-3c71-b3cf-a0753573dc4c', '2019-05-15 19:51:00'),
(158, 30, 'fe2614c3-9485-34ca-b152-9a8ad44ff9ff', '2020-02-13 04:52:46'),
(159, 31, '16c4b09b-cee1-3e91-bf9c-0f8f620b2b0b', '2020-03-13 19:35:21'),
(160, 31, '8d3dddf9-3b39-38ba-b12f-a37a2f5a9df6', '2018-12-05 15:47:43'),
(161, 31, 'eca35372-2826-3434-a65e-8a37fd45f1c3', '2019-12-15 17:58:19'),
(162, 31, 'ed63ec65-f2f9-3694-b958-f50c1d61518d', '2020-03-01 15:22:28'),
(163, 31, '2aba412b-04b1-35d7-989e-90ad2c7e8a2e', '2019-07-24 11:33:10'),
(164, 31, '3ae49895-5f7f-3764-a1e7-cca9f53513d3', '2019-04-18 05:36:27'),
(165, 31, 'c250adff-bf5c-3b30-93d6-28aaa55d0597', '2019-03-15 23:49:32'),
(166, 32, 'd9fabed3-e2dc-3b6f-a20d-d5efd4e5a790', '2019-03-17 18:21:50'),
(167, 32, '2060849f-b30f-302f-b21a-07d69ddade91', '2019-06-26 14:16:45'),
(168, 32, '82f18771-691c-3594-9b12-3ac48d0f3230', '2018-08-04 02:10:00'),
(169, 32, '685a2e86-d365-396f-b6ae-579c51266fc6', '2020-05-28 22:27:15'),
(170, 33, '2ac6c4f5-31e0-3029-a323-e14e608baf41', '2019-09-21 10:09:14'),
(171, 33, '07178cbc-5af7-35ee-959b-826a5fcc9ce5', '2018-09-08 16:27:26'),
(172, 33, 'f7143f6c-035c-360f-989f-c9996172104c', '2019-05-22 23:41:10'),
(173, 33, '3ab8dadc-8f24-3c6d-855d-c682ad9ba610', '2019-05-23 11:13:46'),
(174, 33, '4d3981f5-49ea-39e3-a902-2ae1c73ba353', '2018-10-18 16:13:30'),
(175, 33, '02724ea5-03c6-3afe-9f1e-0a8a696f9c9b', '2018-10-28 23:20:32'),
(176, 33, '078164f0-6bf2-35b4-8eee-e335032d0386', '2018-09-23 00:43:48'),
(177, 34, '54c720ad-7334-33b5-9e41-00fd33444bdd', '2019-06-15 20:32:00'),
(178, 35, 'f06f26cc-0bfa-3349-8e8f-7a0b5738a824', '2018-10-12 08:50:28'),
(179, 35, '23b73fb8-c691-3cd7-a203-f58344e9b2f3', '2018-08-07 14:45:11'),
(180, 35, '89b5d00d-d073-3662-a568-b215edb95130', '2019-12-12 15:41:24'),
(181, 36, 'ca4bee6e-4c6d-3d56-863b-40c251de96a1', '2018-09-19 17:26:43'),
(182, 36, '5f36fcf2-0a2c-378e-a2f1-e20096ee8817', '2020-03-22 11:02:55'),
(183, 36, 'db47fbc6-50fd-3293-8bfe-f03b0683ae92', '2019-09-24 04:53:18'),
(184, 36, '76d51333-f3f8-33e6-88ab-47c1bad4ebe4', '2019-05-19 06:08:44'),
(185, 36, '94825fec-6b42-3506-bb71-8627ce2e1a96', '2019-04-08 05:04:37'),
(186, 36, '656db390-d57e-3289-9bae-3eaf6469d449', '2019-04-01 18:30:17'),
(187, 36, '581b1ba5-9afc-362a-a896-fb0e857a721a', '2019-09-10 10:15:15'),
(188, 37, '2c8ab007-7ca1-3c81-8b15-8352378fcb23', '2018-11-04 13:17:35'),
(189, 37, '7d3d238e-45aa-374c-a288-87ff6e09df1a', '2020-04-13 23:12:57'),
(190, 37, '7312f631-2831-3a0a-8788-7ca84064a58f', '2020-05-20 00:12:30'),
(191, 37, '859c1574-721e-39ea-b522-cae3f1c503a5', '2018-10-29 07:00:23'),
(192, 37, '7d8c5b0c-2023-3f50-ab5e-18d64c1808c8', '2018-08-17 20:12:23'),
(193, 37, '0c5cbca0-bf9e-3169-a7a8-19e815fdbce1', '2020-01-28 06:51:38'),
(194, 37, 'a8a077e5-a92e-3bfb-b74f-8ab1be6a65b4', '2018-11-16 07:29:57'),
(195, 37, '2b4c2cb1-c5b9-356d-8659-ada1968f1ee1', '2018-11-20 14:52:03'),
(196, 37, '03aba2cb-7abd-352c-9f1d-cccc1f04c898', '2020-03-02 09:15:52'),
(197, 39, '78a7dcc3-4d03-379f-bb56-197579b40c98', '2018-11-20 05:06:53'),
(198, 39, '3112e67d-a1ee-348c-811b-0a7f77a3509f', '2019-06-09 17:44:19'),
(199, 39, '1fec71b1-3d60-37ec-bbc1-13eb9eefd09f', '2019-04-13 13:49:17'),
(200, 39, '75d64f33-43f0-300a-b5a2-488da0147d7a', '2018-11-10 13:43:22'),
(201, 39, '7df7bc6b-16ca-30c4-93f9-e243ee4f47ea', '2019-06-08 03:24:16'),
(202, 39, 'b86a0eca-576f-320a-9bcc-7ee7fd2fdbeb', '2019-12-03 07:47:27'),
(203, 40, 'ca4033a9-a8ce-33b8-8f71-e8b2c48963c8', '2020-05-31 17:01:13'),
(204, 40, '03d979f5-652a-3813-af9a-8216099af53a', '2019-09-07 08:17:30'),
(205, 40, '18495f90-b327-3278-9305-b54f61f87aef', '2020-03-20 07:21:54'),
(206, 40, '1a8f051c-8042-35e9-8c04-d3f729f51c2f', '2020-01-22 12:08:23'),
(207, 40, '203387ee-1055-38da-8999-2f87f40c703c', '2020-03-05 00:40:46'),
(208, 40, '58665f95-f9a4-3392-af3a-421900a9e79e', '2019-07-03 11:26:45'),
(209, 40, 'f835fcce-1c2f-339f-b290-3fd055ae74f6', '2018-11-01 21:07:12'),
(210, 40, '7832e707-a801-33af-9dc9-1109e2e54640', '2019-03-02 11:42:44'),
(211, 41, 'cad33320-13fb-3543-887d-b7321b3c65e5', '2018-08-24 04:39:02'),
(212, 41, '13dabd04-1379-395e-90bc-199f3714aa13', '2019-05-22 16:58:34'),
(213, 41, 'a0ce9067-df5e-3d9a-870b-611200ebdab2', '2018-12-26 22:08:10'),
(214, 42, 'd7bc0aae-846b-3bf9-8231-7b704e1633dd', '2020-02-24 22:02:58'),
(215, 43, '269f67bd-1677-3afe-8b0d-f341d0261e3c', '2019-09-30 21:50:24'),
(216, 43, 'd75d6114-c145-3572-9e60-df0a635dcdce', '2018-12-29 23:01:08'),
(217, 43, '2338e31f-817e-37ad-ad40-06c7b887c4a8', '2018-10-19 11:57:29'),
(218, 43, '244ed46b-72b8-3fae-b95b-20a95e796cb0', '2020-05-24 21:50:29'),
(219, 43, 'ad61af6c-acc3-3e6a-9b8b-7f3a3816e152', '2019-05-15 09:31:21'),
(220, 44, '80c01e59-edb2-3a00-82ce-ecc23f00a05e', '2019-05-17 07:41:45'),
(221, 44, 'f2e2d3eb-9ff3-3955-928b-0d14e72b780e', '2020-07-20 14:40:57'),
(222, 44, 'cd2343cd-eb3c-3e3d-8e33-88c7c8ecd0bf', '2018-11-04 12:31:06'),
(223, 44, 'e794c54f-826e-37a8-ab48-b16e5a8a96eb', '2018-08-16 22:02:38'),
(224, 44, 'bab73f3e-ea3d-379a-ab58-cc06cd147b72', '2019-01-15 17:34:16'),
(225, 44, '579aa8a7-cb64-339b-93cc-96b25c4ddf96', '2019-05-12 15:48:39'),
(226, 45, 'a3784a92-eb94-33bd-afab-160c300bcfa5', '2020-05-16 16:40:02'),
(227, 45, '51a5f54a-760c-3a7b-8bca-df6aa05240dd', '2020-06-04 19:58:40'),
(228, 45, '802752d4-edde-37e1-b9e0-142c9dffae47', '2020-05-13 07:51:24'),
(229, 45, '26c0ab63-bbaa-3854-a480-27ea7cef2b20', '2018-12-11 18:53:30'),
(230, 45, 'b8b71c04-3661-3c1a-a3e3-3c04ebc4ca7a', '2019-12-28 01:05:49'),
(231, 45, 'f7d6a831-bc88-37bf-9eb5-ee3929844860', '2019-10-08 21:47:08'),
(232, 45, '472345ce-95f6-3607-8c28-c1319bf6ecf2', '2018-12-26 11:51:39'),
(233, 46, 'e5e5fb85-e03b-37f1-8348-b66b5c586f08', '2019-06-25 11:19:54'),
(234, 46, '566be305-7296-3484-9ce2-d624ce62a257', '2020-08-01 03:52:52'),
(235, 46, '3c16098f-4881-311b-b55b-85e977fe3ca7', '2020-02-27 10:40:28'),
(236, 46, '68045451-d3b4-3d46-918d-45d3b3db30a4', '2018-09-06 21:55:19'),
(237, 46, '0ea3cfc2-e965-3921-adfa-35c310f5bdb2', '2020-04-13 12:48:15'),
(238, 46, '0bf1532e-e5d2-39c1-bdbe-0bb8e37d56fd', '2019-10-30 21:23:34'),
(239, 46, 'ee6a4f74-8c17-348d-bd4c-10cf87c92a4f', '2019-12-25 15:10:29'),
(240, 47, 'b0e0705a-0343-301b-8f86-761bbbd14f9f', '2020-03-23 11:37:44'),
(241, 47, 'c58ca553-f2cc-3ad7-be65-8e4992d5ee5b', '2018-11-14 11:10:18'),
(242, 48, 'cc4319d0-2944-3aae-82f3-f6db37d45961', '2019-12-18 04:19:09'),
(243, 48, '7aa65de4-abd9-3847-beaa-c967f8de4b92', '2019-09-03 15:42:42'),
(244, 49, '32d27ead-2f17-3d24-9266-7a1b4f4fcaff', '2018-10-13 09:05:30'),
(245, 49, '21359662-daf1-3fca-8fe4-997f6acdf0d1', '2020-06-17 01:46:01'),
(246, 49, '3fb2483e-e572-3972-a16b-45e529689660', '2020-06-21 11:06:51'),
(247, 49, 'b7cfc539-4d06-3ef7-9641-65172f38e9d3', '2020-07-25 14:07:32'),
(248, 50, 'e61fd91a-74db-3161-8644-9504ceca97c3', '2020-01-24 16:48:51'),
(249, 50, 'd917b424-0dfb-3e7e-a3de-f0c323a1003a', '2018-10-30 13:03:56'),
(250, 50, '382055f0-c2f5-3650-bddc-27e0e61c069e', '2019-01-20 10:30:28'),
(251, 50, '61bb210a-da8f-3835-9fc9-4f2daf03b05f', '2018-09-18 17:05:58'),
(252, 50, '0a280987-03d8-3d10-bfe0-2084dd5bf13d', '2020-03-07 12:55:10'),
(253, 50, 'e481f6a9-f5d2-38ba-bcd6-8e6ed87f59cd', '2019-04-05 01:46:28'),
(254, 50, '89b9bd10-8f83-3e46-b6af-c907e12c4b99', '2018-08-30 15:18:05'),
(255, 50, '029f692a-b0b5-3fcb-93e2-c7cd882793d3', '2018-12-01 07:10:39'),
(256, 50, 'ce2ddff8-0cfc-3269-bdc0-c25012c63701', '2019-07-07 22:11:50'),
(257, 51, 'f1af603e-bd49-3dd0-a1db-0f01003261d6', '2019-07-20 12:24:29'),
(258, 51, '68be2551-6789-3f8a-b807-50462f33e3e8', '2018-12-24 00:16:34'),
(259, 51, '5b42e913-8cbf-3adb-bdfe-038baedc2e9d', '2018-12-28 10:50:10'),
(260, 51, 'fa5922ff-422e-3fd4-9b02-9d2cd14ff137', '2020-03-09 11:25:56'),
(261, 51, '8691f5bd-0b49-3c72-893d-040bfeefac0c', '2019-04-20 11:39:01'),
(262, 51, '47c0b748-5670-39d9-ac1b-2f1ec3c1eb64', '2019-09-24 13:38:01'),
(263, 51, '79fb5e5e-2746-3401-959c-1ac88966634b', '2019-05-18 20:25:32'),
(264, 51, '10e1b008-f356-361b-aa3e-c2dd61eb4759', '2019-12-09 01:46:58'),
(265, 51, 'fc013094-1c1f-3a3d-88c7-305a331bf58f', '2019-03-12 13:25:20'),
(266, 52, 'bbd3ba21-8a32-364a-8336-5b79d9f5914f', '2019-02-01 02:09:59'),
(267, 52, '619a1015-56a7-3ab4-a392-e76e667f981f', '2019-08-20 04:33:49'),
(268, 52, 'ed786a3e-90e8-3f77-a6ab-f5b9e3a912f4', '2020-07-09 23:00:57'),
(269, 53, '270b0f30-70c7-394f-8013-f68d97fdc7ce', '2018-08-11 22:03:56'),
(270, 53, '44c1de7d-f481-369f-890f-f6e5956f5f9b', '2019-03-17 03:25:53'),
(271, 53, '1a16510c-1d05-39ca-8ae6-b2c99cf89fff', '2018-10-07 17:19:46'),
(272, 53, 'bc06f6b9-5be9-3ba2-88c3-0054c3fea8aa', '2020-06-30 15:50:20'),
(273, 53, '578e4421-3b87-367f-934d-6c3d025388db', '2020-06-22 10:05:13'),
(274, 53, '3e92d389-795a-3afe-8fe2-44d68c897ee8', '2020-03-11 11:37:47'),
(275, 53, '93ba256d-38b3-3604-b8cc-c9726cd4ea58', '2018-09-30 00:54:50'),
(276, 53, 'ea470b12-8eed-34a6-a9f5-22fb13e8d484', '2020-05-10 18:55:28'),
(277, 53, '6c9d0d3c-8f34-3172-9e88-d3f6fc2e2c6e', '2019-02-12 13:06:05'),
(278, 54, 'f2202544-aaa4-3a1e-877b-1c70955d2ad8', '2020-03-21 17:55:04'),
(279, 54, '2865669b-30ed-3d6e-8b29-34d5140adbfb', '2020-06-22 14:19:24'),
(280, 54, '8ac63a04-0c44-3f5d-8477-ec2d72785a59', '2019-01-11 14:58:27'),
(281, 54, 'fad08b2e-da13-3077-9346-a23df9352d01', '2018-08-08 01:33:41'),
(282, 54, '55143bdf-a288-336a-9c9b-a263d7b289e3', '2019-03-13 12:24:57'),
(283, 54, '74264e0a-53fb-3b25-827a-da87a53e215a', '2020-07-21 19:08:58'),
(284, 55, '3c7425f0-b46b-367f-8a1f-c4191758c8e7', '2019-10-13 16:16:08'),
(285, 55, 'bf8e4d4c-8968-3ef2-98c2-f04b19003188', '2018-08-31 05:17:31'),
(286, 55, '499f5d6f-c9c4-33fc-8183-2d03b08d25b4', '2019-02-07 06:12:26'),
(287, 55, '62dbe3d7-880a-3ccf-b261-5ab67871f438', '2019-06-11 18:01:09'),
(288, 55, '30b46b32-b3a4-3865-9dbd-697c6278d07a', '2019-03-07 23:50:36'),
(289, 55, '7de3eb5b-6282-39cc-ac4a-08d6322ed04f', '2018-08-10 03:41:14'),
(290, 55, 'ce46a4bf-7e99-3d21-82e8-393a7ce0c42d', '2020-04-21 16:22:24'),
(291, 55, 'b2c235be-6be1-32d9-a257-d5135763963a', '2018-09-18 03:51:21'),
(292, 55, 'e155afdb-e48a-3d8e-941e-06d59944daf5', '2020-01-09 17:08:02'),
(293, 56, '62d17e28-54fe-3270-a63c-50c11df4521d', '2020-05-21 03:06:44'),
(294, 56, '3188681d-3569-394f-81f3-075b46e835be', '2019-07-05 14:34:24'),
(295, 56, '05b77130-ef20-39f3-af66-9b0b048a504e', '2020-01-16 20:50:28'),
(296, 56, '38bf1a70-f485-325a-9812-1e2e16d38d21', '2019-05-28 20:57:05'),
(297, 56, '53a4a61c-6b8f-3d5d-988e-552ac8c0fa31', '2020-07-05 13:49:11'),
(298, 58, '0aa18818-de32-3b28-ae54-f58684daf623', '2019-05-11 00:56:29'),
(299, 58, 'e055c81e-c31f-320d-b431-b567d05444b5', '2019-09-21 04:34:44'),
(300, 58, '1a6695bc-3d88-3f11-9989-756fa61f17e0', '2018-11-05 05:42:25'),
(301, 58, '2b29f484-2179-365b-9c46-32f8e22bce13', '2018-08-29 16:32:48'),
(302, 58, '137b489c-2aaf-3310-91e4-645d132e2a6a', '2020-04-11 02:37:32'),
(303, 58, '0e339606-e05f-35ee-8188-a7b93f57eea3', '2020-06-10 04:11:09'),
(304, 58, '2cef04a8-6cd8-35f4-938e-12b2ddcb9d4e', '2018-09-05 09:39:31'),
(305, 58, '03ed3e8e-5c9c-3f3f-b4a7-2df9b3d19517', '2019-09-12 18:52:21'),
(306, 58, '0515690e-951f-3403-b75a-f7abb733eb1e', '2019-06-09 23:45:22'),
(307, 58, '774e232b-9cf3-3e74-9b4a-8c7218cd9654', '2019-04-20 11:54:05'),
(308, 59, '7127f496-10c9-378d-af53-078ec09c1898', '2019-06-16 06:40:51'),
(309, 59, '4509a77e-a0c4-3858-b340-626451fdbf26', '2018-08-09 11:36:19'),
(310, 59, '987ddc07-b42c-3c8a-9de5-a54cdd7885ba', '2019-08-01 14:14:10'),
(311, 59, 'dba817f1-cdd0-30aa-b9b3-f9811acf40f9', '2019-02-01 02:47:05'),
(312, 60, '001b3e11-7b6d-34c0-a751-528db53ce599', '2019-11-13 01:49:16'),
(313, 60, '889550c7-add2-3b2b-a1ac-dc4dacb39f7a', '2019-09-05 22:11:26'),
(314, 60, 'a7d5a2f0-db1a-3d01-8517-eea5db39df92', '2020-03-28 17:20:35'),
(315, 60, '5a147d25-80bf-35a7-ad45-bc5011d09864', '2020-02-07 16:54:52'),
(316, 60, '7286dc83-6568-3f9f-a19b-cfc9bd78a0b7', '2020-06-28 12:30:47'),
(317, 60, '0a1669c8-a6eb-3e62-859d-d57d0f882198', '2019-08-09 12:24:16'),
(318, 60, '9e37e176-d4e9-37c3-a75a-2d5846b18f8e', '2018-12-22 23:42:20'),
(319, 60, '4f90fd56-28f9-376c-a5cd-b9d38cf5ab0f', '2018-11-14 22:01:46'),
(320, 60, '769b84fb-e4ce-338b-8af4-4c4fb0ef77f8', '2019-08-19 02:16:51'),
(321, 60, '62b57f82-57bb-3192-b187-89c831cd9ba0', '2018-10-20 15:49:36'),
(322, 61, 'cfe3bd58-7b40-3463-8516-3fefcdd62224', '2019-01-01 06:28:35'),
(323, 61, 'aef08727-dc23-3f19-a3e5-6beaf43b63d6', '2019-11-04 23:57:55'),
(324, 61, '469d4fd3-1a7e-397c-bf07-9a8640fbbfbf', '2019-09-30 15:09:05'),
(325, 61, 'd53e9599-13af-303b-a41d-92dfc4c0a245', '2018-11-17 21:13:57'),
(326, 61, 'b8e2b5a1-52e8-3f41-bc63-3430819d409c', '2018-09-09 06:44:00'),
(327, 61, 'd506d5b3-201a-36ad-922d-182cca371f92', '2020-07-03 18:07:54'),
(328, 61, 'c989c3e4-2653-3ee7-814a-e4b6f2f4c443', '2019-12-20 05:54:03'),
(329, 61, 'b5e8dbc5-1640-35d2-ac31-a3269b8ef3fc', '2019-06-17 07:32:59'),
(330, 61, '4bb4ae8c-6dca-3871-9754-97085a91b480', '2019-08-31 20:59:15'),
(331, 61, 'abbb5017-673c-3c24-98f3-d34f08ca1c9a', '2018-12-07 11:54:53'),
(332, 62, 'afa723b2-0788-3cfb-af87-27435c28215e', '2018-11-24 15:22:28'),
(333, 62, '38b8cabc-0f1e-3cad-b525-26b9c9a4fd65', '2019-08-03 11:50:30'),
(334, 62, 'e0b9898c-881a-3e32-bc35-c72878a512a5', '2018-10-24 04:21:34'),
(335, 62, 'b3d5deac-eec7-340e-9c7c-2528a12a18ad', '2019-12-06 11:54:30'),
(336, 62, 'a2e66fc9-6cdd-3fde-b519-393ee713445d', '2018-11-15 21:47:02'),
(337, 62, '6ba9841e-ec1a-39d6-86b5-c87160aeac3e', '2018-09-13 00:27:50'),
(338, 62, 'a9a77151-13aa-3f1d-92f0-c9bb826e641d', '2019-02-14 16:12:22'),
(339, 62, 'fd9503b4-f2a3-396d-a0c7-54ad3312d27f', '2019-07-07 05:23:16'),
(340, 62, '45f650bf-3f94-3eaf-801a-5f9267b861ac', '2019-11-07 18:57:05'),
(341, 63, 'e61f4856-f9e8-3f70-8807-a5f8f280fcca', '2019-04-04 14:14:05'),
(342, 63, 'eb763b39-6240-3b0c-942e-6814d62c0de5', '2020-01-26 19:27:07'),
(343, 63, '4d7984b7-433d-3e13-84a9-e9541371be51', '2019-07-31 05:06:16'),
(344, 63, 'b2a2c666-20e4-3565-bd84-4e72ec4f6007', '2018-08-15 10:46:55'),
(345, 63, 'fd48eb41-a99c-3515-a044-7a69e45a94de', '2020-06-08 07:28:24'),
(346, 63, 'b33f91a5-5513-376d-9a2a-0718a731f7e4', '2019-05-08 04:03:08'),
(347, 63, '59a79fd8-4275-38bb-a47e-1447c3f88db6', '2018-11-18 20:15:46'),
(348, 63, '8d3b34f0-f0e2-363b-b384-fb346d78c96d', '2019-05-25 19:02:02'),
(349, 63, '8cc7c8de-cdf8-37e4-be97-aad6a5f4c68f', '2018-11-18 23:27:16'),
(350, 64, '0cd91ad8-665d-3105-a21f-855eb4623618', '2019-02-18 21:54:14'),
(351, 64, '0b1d2d36-39bf-38eb-9139-c6391df4a981', '2018-12-13 16:01:00'),
(352, 64, 'fec32c3e-b131-3cf7-ae7f-4909019413bb', '2018-08-17 21:52:01'),
(353, 64, '968d65e5-61b0-39f7-92a2-733858b2a185', '2020-06-23 11:12:05'),
(354, 64, '5b1d159f-19de-3d2e-9208-e25715369891', '2018-12-04 16:23:28'),
(355, 64, '64932e7f-ad7a-37fd-bdb9-9b1c55f400d6', '2020-04-28 17:23:30'),
(356, 64, '65b702fc-1672-3745-9e3b-d5f104ab3d61', '2019-09-26 16:56:12'),
(357, 66, 'a7e13278-29c3-379a-8223-53f02623231b', '2020-07-02 20:44:56'),
(358, 66, 'f5080eca-1f27-3f8a-abdc-f0a8234d1397', '2019-05-01 08:59:28'),
(359, 66, '1d108911-e1b7-3a22-ab23-6851bb1e0e18', '2018-11-04 06:41:53'),
(360, 66, '02c42fb8-1dbe-3ef9-9da1-4f2fecd1c7cb', '2019-06-05 07:57:13'),
(361, 66, '1560c7a8-ba54-358e-97db-92f72adfd36a', '2019-09-09 06:39:40'),
(362, 67, '8af5555b-7c0c-3263-94f4-1c5946162f33', '2019-08-01 14:35:10'),
(363, 67, '0cc396bf-6283-3476-8c4a-b0c155b8bdb6', '2020-07-05 16:37:18'),
(364, 67, 'f6119dc4-eff3-3041-b416-45fb9882296c', '2020-01-22 11:31:01'),
(365, 67, '5eb3a7fe-88d7-3005-857b-19b458497ae5', '2019-09-10 10:36:48'),
(366, 67, '7f6cb87e-47b3-3582-b801-05ec67c95e2e', '2018-12-10 21:40:11'),
(367, 69, 'a18de682-3aaf-3d4e-9cfd-1356538e3042', '2020-07-25 19:21:06'),
(368, 69, '4ce2afb0-8525-3344-b18a-0593178b8a2d', '2018-08-05 00:17:19'),
(369, 69, '34859c6d-c1a1-331a-9b2d-2e4db2cfde0c', '2020-03-19 08:42:41'),
(370, 69, 'b8aa8f24-e35a-35ef-8e83-8615faa85322', '2018-12-13 05:34:29'),
(371, 69, '23e98f7c-3921-39f5-aae4-bdb86dd2b389', '2020-04-10 17:18:08'),
(372, 69, '0701ef1b-a3ce-34bc-a0dc-0f5d1f89b794', '2020-07-27 15:01:41'),
(373, 70, '02fff2e9-f53a-3f86-ba29-4f9674e32cef', '2019-11-03 16:50:38'),
(374, 70, '413c3ffa-ae8a-3194-b96c-1b5e4705f996', '2019-04-18 09:23:05'),
(375, 70, '2755df4f-a6c4-3c05-b6d2-ee9186674ff2', '2019-09-23 08:39:02'),
(376, 70, '54aa5c0c-cf1a-369f-b9c0-ee35d5a289b6', '2020-07-11 18:54:35'),
(377, 71, '09b49cc5-16e5-392f-aec8-eab0be40168e', '2019-12-17 01:57:14'),
(378, 71, '396ae9b6-cbb5-376e-99fb-92bbb52b0d2e', '2018-08-09 21:49:27'),
(379, 71, '9af67eae-1a36-3e99-a414-3f5e6661451c', '2019-10-14 10:47:05'),
(380, 71, 'f74157c5-10c5-3b56-87af-89ef83d182a8', '2020-01-21 08:08:34'),
(381, 71, 'ee53e160-9486-3105-854a-71886d1deea6', '2019-11-17 12:46:24'),
(382, 71, '71f79dbd-065f-3b1c-b33e-5811066d8b78', '2018-12-18 01:29:50'),
(383, 72, '69bedaaa-b210-3be4-b8b2-f101d08efdc3', '2020-07-16 21:09:23'),
(384, 72, 'b70b122b-00f6-3aec-b2fe-01fbd4088636', '2018-12-03 05:02:37'),
(385, 72, 'c2c9c296-4397-3bf5-9738-710cce04cc6b', '2019-02-01 18:53:20'),
(386, 73, '102c108a-78cc-36d4-9221-dbb319b8fb30', '2019-09-23 20:57:57'),
(387, 73, 'b52c2b3d-b422-3261-bb76-1eea3103742c', '2019-11-11 18:32:21'),
(388, 74, '66de3caf-51e6-3803-8364-385d7b9ce487', '2019-02-20 00:23:07'),
(389, 74, 'ef667624-d11d-37ae-ab14-187a60fa3acf', '2018-08-09 16:07:49'),
(390, 74, 'c98736ec-7a67-396d-9674-031feeef71f8', '2020-04-29 15:34:32'),
(391, 75, 'bef02441-cfe9-3a63-8527-22f5053a73ef', '2019-11-05 15:32:35'),
(392, 75, '0b602bd9-d0b8-38b0-bc21-3c8ca65d5c53', '2019-11-16 00:31:55'),
(393, 75, '83f383db-fed5-3cd3-ac3c-9ddce4e34a5b', '2019-08-31 13:20:24'),
(394, 75, '4890be3f-04ec-35ab-906b-178d0cfdbf40', '2020-05-03 17:47:56'),
(395, 76, '5e5f9ec2-f968-37b4-b411-23449b9f05df', '2019-07-02 15:51:47'),
(396, 76, '98e121f3-567b-3753-b037-c70897712fb1', '2019-03-27 10:22:06'),
(397, 77, '19b9b1cc-d121-39cd-9b34-f1449d2528b5', '2018-12-10 06:57:40'),
(398, 77, 'a0464501-02a1-3703-b12c-f718ce0111f4', '2020-04-13 19:26:10'),
(399, 77, 'bf88c68f-46b7-3132-a4dd-54fad421e4c1', '2020-05-11 13:13:09'),
(400, 77, 'e691710f-5b5e-3878-a595-167775d054b0', '2019-09-07 08:38:15'),
(401, 77, '518c27c3-de23-3faf-8ec3-22e48c98628c', '2018-12-05 13:28:50'),
(402, 78, 'c72bd9c4-caf5-3212-9aef-1054bc017f34', '2020-04-15 17:41:35'),
(403, 78, 'afbde737-3652-32ee-80e7-80cd5983cf75', '2019-01-01 08:43:08'),
(404, 78, '7d421ffc-9f88-372e-9fe8-66520f01108b', '2019-11-28 05:24:22'),
(405, 78, '49f8177e-26f3-33e7-8712-ed4d8707712e', '2019-03-15 14:57:58'),
(406, 78, '80e5f295-2890-3b7e-af81-bf3aaec1cc52', '2019-05-01 09:50:13'),
(407, 78, 'd0545a66-2f6c-3740-8346-7395b40f150d', '2020-04-09 14:30:05'),
(408, 78, '7e330061-c22c-30d4-9cf3-621c74b5da43', '2019-05-13 03:57:30'),
(409, 79, '50ec8891-3a5c-3ccd-b884-76b6ef89bf5c', '2018-11-29 23:42:18'),
(410, 79, '7f76c091-3c16-3568-b1ed-49b35da1e5bb', '2019-03-22 01:03:34'),
(411, 79, 'c88fcf13-8448-30e1-a7b8-3d9bbc2f610b', '2020-01-12 02:57:22'),
(412, 79, 'fd819bf4-cd4f-3193-8b7f-c9f460f28c19', '2018-11-22 20:33:29'),
(413, 79, 'fd9e89a0-33cf-3e3f-bb78-f03565f80758', '2018-11-04 15:23:23'),
(414, 79, '64717618-77a3-3cb5-b21e-5db7838b7f65', '2018-08-19 19:01:13'),
(415, 80, 'fecb5829-ed6a-3b54-99a3-a80bc1438763', '2019-05-30 08:14:29'),
(416, 80, '40e0b953-fa03-3fcd-b896-595e2ec013e7', '2019-06-15 07:03:47'),
(417, 80, '2aaa11f3-3cea-392e-9f56-ecc063a1bf75', '2019-07-24 12:52:24'),
(418, 80, '16885c35-2c31-3251-b4e6-1f419bd899b1', '2020-04-29 10:06:37'),
(419, 80, '592139ad-1e2a-328f-a05f-2b664fb9e5e0', '2020-03-27 19:26:44'),
(420, 80, '197b01e0-4bfc-3d47-9320-31b59f69ac57', '2019-11-13 17:00:27'),
(421, 80, '92c7287e-de24-3a27-ac4d-d8dd41fb8a1f', '2019-05-07 16:28:31'),
(422, 80, 'e3f7464d-2bc2-3552-b063-1e5dc6ba8a36', '2019-08-03 16:58:53'),
(423, 80, 'ae04eadf-3f02-3077-9093-ad3a02359b11', '2019-12-01 02:30:42'),
(424, 81, '8b0b339f-ae4f-3f11-a5db-976406a8f28c', '2019-06-22 00:00:37'),
(425, 81, '2444b67a-f1d6-3e53-ab70-e9bc10faa3ca', '2020-03-21 12:19:12'),
(426, 81, 'b65883cb-0f0c-31eb-a23c-c224d49d86e9', '2019-10-30 06:25:17'),
(427, 82, 'bd45c6c2-3291-384d-90d6-d2823b604faf', '2018-11-16 11:05:33'),
(428, 82, '761f0fa0-bb59-3f93-ac73-2ae4a677da94', '2019-03-26 01:15:55'),
(429, 82, '7448fcc2-2970-36ed-9fea-4d4d6cc11241', '2020-07-14 08:58:48'),
(430, 82, '57d95dbf-bee8-3de5-8ee2-257a17678aa0', '2019-01-02 17:59:55'),
(431, 82, '12463c08-54b4-3db6-848e-de03a8c88265', '2018-10-12 07:58:56'),
(432, 82, 'fa6550b7-0613-3112-a5b8-f401048df032', '2019-04-30 19:28:30'),
(433, 82, 'f0ab52c7-b842-3c08-a733-e2bd6e7c2971', '2020-05-10 19:27:16'),
(434, 82, '82d17072-5e79-3bbf-a7e8-3208886e2eb7', '2020-07-18 02:52:27'),
(435, 82, '3b382ede-37ea-35a3-b3f8-2fde12c8bd6d', '2020-01-14 14:46:03'),
(436, 82, '4cac75d9-eecc-3d8f-8014-f65f6d7ffcb9', '2018-08-18 03:21:36'),
(437, 83, 'd96a2682-0213-3f92-b929-3b2f525a9f4e', '2019-01-04 12:45:14'),
(438, 84, 'ac6527f2-1502-3f14-87c9-66c59ae3189b', '2019-06-07 20:32:04'),
(439, 84, '24ef087a-1b8b-3cf2-8ad6-5a7958bc5af5', '2019-04-28 00:46:19'),
(440, 84, '1462d7cc-cb2e-3a85-8c66-32f77964132c', '2020-02-17 13:17:44'),
(441, 84, 'e11c80b3-1f96-3e6d-89ca-0fe715d3eef1', '2020-07-18 15:35:13'),
(442, 84, 'e3b7aae0-927b-3469-aa18-54c9754d3978', '2019-04-25 01:55:34'),
(443, 85, '9137096a-5e53-3db4-be01-0e87b9f83401', '2020-04-13 05:09:45'),
(444, 85, '694fc7cd-cdbf-3302-a394-996288e4db4e', '2019-04-29 11:59:09'),
(445, 85, '9da38121-6d30-3f3d-85b9-818acfe84e3e', '2018-10-21 03:26:53'),
(446, 85, 'c63b1522-f896-3849-bbc3-9b157022f4ce', '2019-05-09 14:03:22'),
(447, 86, 'dcfe8d8d-5a9d-3d9f-a08f-6dd2f9244dbe', '2019-12-07 13:02:18'),
(448, 86, 'c3debb67-42b7-3abd-a263-d2de56f6687d', '2019-10-26 14:50:44'),
(449, 86, '61bc15e8-354b-32bf-bfbd-20cd5dfdb6a7', '2019-08-28 14:45:20'),
(450, 86, '58ace516-d31f-3417-8b16-5b4eb6e9d876', '2020-05-17 13:23:10'),
(451, 86, 'adc4e21e-bda2-3160-b01d-aa869c9726ca', '2020-02-23 07:31:34'),
(452, 87, '73beefc9-164f-30ba-9a7a-e686b9042bbd', '2020-04-02 06:02:06'),
(453, 87, 'e684fc64-e329-395f-879b-4a4c48f9cdfe', '2019-01-23 14:02:37'),
(454, 87, '67c311f2-2a70-3535-8e29-61f1a574eb87', '2019-12-05 08:56:19'),
(455, 87, '119577ed-b28b-3133-9445-465940c65551', '2019-08-11 07:08:30'),
(456, 87, '39d208dc-fa2d-3f61-830e-9f023b75812c', '2018-08-18 19:54:07'),
(457, 87, '341fc71b-08ca-3ea8-9819-4d1de9a037f3', '2019-07-25 18:34:32'),
(458, 87, 'ba9d9a69-b2ed-3856-b8d8-5e79ced2f742', '2019-11-23 08:21:12'),
(459, 87, '049615e9-3c3b-3e2b-b20e-c06d3356b928', '2018-11-16 19:07:26'),
(460, 87, 'cd856d85-1755-3d43-904c-6f467cde7e8e', '2018-08-28 13:56:40'),
(461, 87, 'b1f80e27-f432-3bf8-aa20-143f44fa4696', '2020-01-07 18:11:46'),
(462, 88, 'e29129e0-be90-32d7-928a-bd0de80ba853', '2020-06-13 23:48:17'),
(463, 88, '7f5a40c7-4610-375f-8aac-9f37137c3f09', '2020-04-19 20:59:21'),
(464, 88, '3df9faf6-9074-36b7-aca5-c34599a4b9a7', '2020-06-23 07:59:25'),
(465, 88, '47c6503b-3e2f-31a1-af13-6ac87f1eb2dd', '2020-01-08 22:01:14'),
(466, 88, '18b7c464-18a5-3495-a65e-dda7cadb8c76', '2019-02-14 07:33:05'),
(467, 89, 'f65291b1-3a5b-39c0-865f-55035923c332', '2019-04-28 10:32:30'),
(468, 89, 'f63b8a68-fa67-3f63-90e1-06257a737e1f', '2019-10-11 23:07:10'),
(469, 90, '5fcc914b-4d3c-36de-a647-84eb41e61936', '2020-04-02 22:15:50'),
(470, 90, '851a8bd3-0702-3a2f-8f37-a938621c9975', '2018-09-05 20:32:47'),
(471, 91, 'e4f46405-0141-34d6-b641-2e3ff6847893', '2020-03-14 06:27:41'),
(472, 91, '3e50a109-c8c0-3a88-afc9-693b4c1ea18e', '2019-09-04 23:10:28'),
(473, 91, 'bbbca731-c88e-3d8f-8f46-061106da8ece', '2019-05-09 00:23:54'),
(474, 91, '069c2ea9-828a-365d-a6f5-db5a54428672', '2018-11-08 07:56:31'),
(475, 92, '545068ad-18a3-3ba7-a1df-09dc4ef0364d', '2019-01-23 09:27:54'),
(476, 92, '122597c6-1da5-3307-8c0a-0ec564900d0f', '2019-03-20 08:09:17'),
(477, 92, 'aeed80b3-04ea-3e3a-846e-12ecd596f356', '2020-05-14 03:03:01'),
(478, 92, 'a57830b7-d305-39e9-8c09-f62e7fa84a7e', '2019-11-23 23:36:21'),
(479, 92, '5472b182-cd64-3ef8-a367-4aadf8f43a3a', '2020-07-20 02:31:33'),
(480, 92, 'e8270be0-78a0-3afb-8ad0-2acd6d7cecfb', '2019-09-16 16:00:43'),
(481, 93, '97099b25-7569-32f3-aa25-14bc6c96eeec', '2019-06-08 14:22:55'),
(482, 93, 'ad77c08c-8764-37bc-9cef-8e34ffa9827d', '2018-08-22 15:18:21'),
(483, 93, 'bd67296d-ba43-305c-b91d-806c076cfbdb', '2019-08-17 23:05:40'),
(484, 93, '1416a110-3518-3b65-bf5c-bd24efd7a084', '2019-02-03 19:15:37'),
(485, 94, '7913f118-a040-32c4-939f-cc089cec013b', '2019-11-20 02:46:55'),
(486, 94, '1848477d-1da3-38ee-aaa4-496b0b4f630e', '2020-02-21 02:45:24'),
(487, 94, '141cf47b-2f3c-3160-8ef1-a62f6b6870a9', '2018-09-05 23:57:45'),
(488, 94, '0121d5a1-3536-38c1-b6ea-abbcb3c6be8a', '2020-07-04 21:45:38'),
(489, 94, '3d62a977-1bb8-3adf-880c-d48774019fcc', '2018-09-05 14:13:09'),
(490, 95, '969f7379-e96d-3a66-918d-dc900a0aa23d', '2019-08-13 21:15:45'),
(491, 96, 'ec807ebe-f849-3232-8aad-c5eed8571947', '2019-01-09 07:59:58'),
(492, 96, 'c5957c02-d8b4-3e86-b2aa-4fb20d703e5f', '2018-12-04 11:53:39'),
(493, 96, 'ef9fb946-d61c-310c-ab4e-354c5f6495ea', '2019-06-29 03:00:49'),
(494, 96, 'b303c949-e60a-39d9-8330-5ee36b46b1dc', '2019-11-28 01:27:02'),
(495, 97, '910df794-1433-348a-afd9-92a8d87d9b0a', '2019-08-07 05:01:40'),
(496, 97, '9fbad678-1152-3eb2-845c-9fbbb1343ff6', '2020-06-27 06:56:11'),
(497, 97, 'c04a133b-04f9-3595-ba43-cb8b582e40f0', '2018-12-27 10:13:08'),
(498, 97, 'd7d877c0-6fe6-36a3-9842-fac555ab266e', '2019-07-15 16:52:34'),
(499, 98, 'ea3dbfe4-721e-3c44-856c-0f4d5fca9a79', '2019-01-02 16:20:23'),
(500, 98, 'ec19329a-7286-3333-95f7-0119087152fd', '2019-10-28 21:02:59'),
(501, 98, 'db1b863e-9bc9-3824-ba9b-aecc4c7a60ca', '2020-01-09 07:58:25'),
(502, 98, 'a6de01a7-ead5-3f51-928d-00380fda2f83', '2020-01-29 18:19:29'),
(503, 98, '1a189419-3b5b-3ba5-b3a4-6cfffae00e39', '2019-10-11 20:31:47'),
(504, 98, 'ece16212-866f-351d-b6bc-448c9a556e79', '2020-01-26 11:59:04'),
(505, 98, '1788f19c-e842-32e2-bcdc-a5918c7cee6e', '2020-02-03 22:29:11'),
(506, 98, 'b4fb0b8e-560a-35fa-bd64-43e49cc5e39e', '2020-02-06 05:30:36'),
(507, 98, '56d78616-b5c0-3d5b-a0ea-e6cd0ebb5d79', '2020-04-30 22:15:30'),
(508, 98, 'fd6b8e54-722f-37a3-a433-5ec2ad78804e', '2018-09-07 04:02:26'),
(509, 100, '855192fa-ce53-352d-8b71-3aa0e702c737', '2019-05-13 12:18:32'),
(510, 100, '594cfce9-b46b-368a-8b35-e1eb586c34e8', '2019-08-17 22:43:53'),
(511, 100, 'dcc406fb-5d6b-3db8-af31-9d83107a04a9', '2018-12-09 10:08:33'),
(512, 100, 'cff3144b-c0b5-397e-8300-95fc2db83170', '2019-11-05 01:25:22'),
(513, 100, '2ea22e88-291d-3096-8d66-035fb910fa25', '2019-01-26 23:24:15'),
(514, 100, 'd266e43c-c19d-30cc-aa38-91d75a51c535', '2019-04-14 19:32:37'),
(515, 100, '404438d2-70b7-3e75-bcf4-d97f2ce5d17a', '2018-11-21 05:22:57');

-- --------------------------------------------------------

--
-- Structure de la table `commande_ligne`
--

CREATE TABLE `commande_ligne` (
  `commande_id` int(11) NOT NULL,
  `produit_id` int(11) NOT NULL,
  `prix` decimal(10,2) NOT NULL,
  `quantite` int(11) NOT NULL
) ENGINE=InnoDB DEFAULT CHARSET=utf8mb4 COLLATE=utf8mb4_unicode_ci;

--
-- Déchargement des données de la table `commande_ligne`
--

INSERT INTO `commande_ligne` (`commande_id`, `produit_id`, `prix`, `quantite`) VALUES
(1, 40, '919.00', 2),
(1, 126, '546.00', 1),
(1, 138, '94.00', 3),
(1, 175, '703.00', 3),
(1, 180, '996.00', 3),
(2, 64, '534.00', 2),
(2, 147, '263.00', 1),
(3, 62, '605.00', 3),
(4, 28, '747.00', 2),
(4, 42, '425.00', 3),
(4, 110, '677.00', 1),
(4, 139, '381.00', 1),
(4, 157, '789.00', 1),
(5, 169, '807.00', 3),
(5, 176, '651.00', 1),
(6, 4, '994.00', 1),
(6, 24, '866.00', 3),
(6, 46, '280.00', 2),
(6, 105, '165.00', 2),
(7, 156, '61.00', 3),
(7, 162, '153.00', 2),
(8, 5, '940.00', 2),
(8, 118, '411.00', 3),
(8, 132, '592.00', 1),
(8, 192, '327.00', 2),
(9, 193, '225.00', 1),
(9, 194, '732.00', 2),
(10, 94, '402.00', 3),
(10, 122, '737.00', 1),
(10, 140, '488.00', 3),
(11, 85, '645.00', 1),
(11, 115, '929.00', 2),
(11, 128, '430.00', 2),
(12, 7, '564.00', 3),
(12, 37, '893.00', 3),
(13, 11, '686.00', 1),
(13, 159, '485.00', 3),
(13, 165, '780.00', 1),
(13, 180, '996.00', 1),
(14, 129, '389.00', 1),
(14, 131, '214.00', 1),
(14, 156, '61.00', 2),
(15, 23, '400.00', 2),
(15, 99, '348.00', 2),
(16, 43, '94.00', 3),
(16, 49, '194.00', 3),
(16, 62, '605.00', 1),
(16, 89, '548.00', 2),
(16, 137, '891.00', 2),
(17, 181, '541.00', 2),
(18, 46, '280.00', 2),
(18, 85, '645.00', 1),
(18, 132, '592.00', 2),
(18, 173, '325.00', 1),
(18, 180, '996.00', 1),
(19, 130, '332.00', 3),
(20, 59, '513.00', 2),
(20, 73, '593.00', 1),
(20, 144, '156.00', 1),
(20, 148, '999.00', 2),
(20, 151, '386.00', 2),
(21, 128, '430.00', 1),
(21, 169, '807.00', 3),
(22, 41, '11.00', 2),
(22, 132, '592.00', 3),
(22, 144, '156.00', 2),
(22, 168, '989.00', 2),
(23, 80, '877.00', 1),
(24, 46, '280.00', 2),
(24, 68, '248.00', 1),
(24, 77, '681.00', 1),
(24, 120, '941.00', 1),
(25, 61, '795.00', 2),
(25, 108, '533.00', 1),
(25, 133, '747.00', 1),
(25, 191, '793.00', 1),
(26, 35, '351.00', 2),
(26, 68, '248.00', 3),
(27, 19, '691.00', 2),
(28, 25, '898.00', 2),
(28, 31, '500.00', 3),
(28, 77, '681.00', 1),
(28, 100, '811.00', 3),
(28, 109, '333.00', 1),
(29, 118, '411.00', 1),
(29, 130, '332.00', 3),
(29, 153, '682.00', 2),
(29, 156, '61.00', 3),
(29, 184, '655.00', 3),
(30, 50, '792.00', 2),
(30, 167, '165.00', 1),
(31, 68, '248.00', 2),
(31, 90, '226.00', 2),
(31, 182, '760.00', 1),
(32, 4, '994.00', 2),
(32, 39, '697.00', 3),
(33, 50, '792.00', 3),
(33, 52, '546.00', 2),
(33, 72, '992.00', 2),
(33, 80, '877.00', 1),
(34, 20, '893.00', 3),
(34, 88, '294.00', 3),
(34, 173, '325.00', 2),
(35, 41, '11.00', 3),
(35, 95, '348.00', 3),
(35, 100, '811.00', 2),
(35, 103, '15.00', 2),
(35, 175, '703.00', 3),
(36, 116, '407.00', 3),
(36, 129, '389.00', 2),
(36, 130, '332.00', 2),
(36, 139, '381.00', 1),
(36, 163, '344.00', 2),
(37, 73, '593.00', 3),
(37, 171, '410.00', 3),
(38, 40, '919.00', 1),
(38, 54, '117.00', 1),
(38, 126, '546.00', 1),
(39, 26, '334.00', 3),
(39, 55, '39.00', 3),
(39, 171, '410.00', 3),
(40, 13, '401.00', 2),
(40, 67, '99.00', 3),
(40, 161, '930.00', 1),
(41, 45, '635.00', 2),
(42, 82, '499.00', 3),
(42, 103, '15.00', 2),
(43, 35, '351.00', 1),
(43, 136, '907.00', 3),
(43, 165, '780.00', 1),
(44, 54, '117.00', 1),
(44, 89, '548.00', 2),
(44, 149, '934.00', 2),
(44, 169, '807.00', 1),
(45, 42, '425.00', 2),
(45, 59, '513.00', 1),
(45, 76, '227.00', 2),
(45, 94, '402.00', 3),
(46, 6, '944.00', 2),
(46, 79, '282.00', 2),
(46, 90, '226.00', 1),
(46, 92, '62.00', 3),
(47, 169, '807.00', 3),
(48, 119, '972.00', 2),
(49, 131, '214.00', 2),
(49, 167, '165.00', 1),
(50, 78, '187.00', 2),
(50, 105, '165.00', 1),
(50, 110, '677.00', 1),
(50, 167, '165.00', 3),
(51, 32, '225.00', 3),
(51, 155, '539.00', 1),
(52, 102, '345.00', 3),
(52, 181, '541.00', 3),
(53, 65, '166.00', 1),
(53, 112, '739.00', 2),
(53, 124, '981.00', 2),
(53, 170, '939.00', 3),
(54, 45, '635.00', 2),
(55, 12, '387.00', 1),
(55, 15, '480.00', 3),
(56, 3, '845.00', 2),
(56, 82, '499.00', 3),
(56, 168, '989.00', 3),
(56, 170, '939.00', 2),
(57, 12, '387.00', 3),
(57, 139, '381.00', 2),
(57, 159, '485.00', 2),
(57, 161, '930.00', 1),
(58, 102, '345.00', 2),
(59, 6, '944.00', 3),
(59, 10, '676.00', 2),
(59, 135, '885.00', 1),
(59, 139, '381.00', 3),
(59, 195, '929.00', 1),
(60, 11, '686.00', 3),
(60, 19, '691.00', 1),
(60, 66, '587.00', 3),
(60, 194, '732.00', 1),
(61, 138, '94.00', 2),
(61, 148, '999.00', 2),
(62, 94, '402.00', 3),
(62, 111, '158.00', 2),
(62, 176, '651.00', 1),
(62, 189, '399.00', 2),
(63, 99, '348.00', 3),
(63, 101, '205.00', 3),
(63, 164, '911.00', 1),
(63, 191, '793.00', 2),
(64, 42, '425.00', 1),
(64, 117, '298.00', 3),
(64, 136, '907.00', 2),
(65, 32, '225.00', 1),
(65, 33, '166.00', 2),
(65, 118, '411.00', 3),
(65, 145, '856.00', 1),
(65, 147, '263.00', 2),
(66, 27, '944.00', 3),
(67, 40, '919.00', 1),
(67, 194, '732.00', 2),
(68, 6, '944.00', 3),
(68, 84, '353.00', 2),
(69, 51, '913.00', 3),
(69, 148, '999.00', 3),
(69, 165, '780.00', 3),
(70, 72, '992.00', 1),
(70, 84, '353.00', 3),
(70, 152, '446.00', 1),
(71, 45, '635.00', 2),
(71, 139, '381.00', 2),
(71, 186, '52.00', 2),
(72, 8, '226.00', 1),
(72, 62, '605.00', 3),
(72, 69, '324.00', 3),
(72, 115, '929.00', 3),
(72, 180, '996.00', 1),
(73, 67, '99.00', 3),
(74, 31, '500.00', 3),
(74, 171, '410.00', 3),
(74, 185, '865.00', 2),
(75, 36, '584.00', 1),
(76, 37, '893.00', 1),
(76, 38, '18.00', 1),
(76, 44, '352.00', 2),
(77, 31, '500.00', 3),
(77, 108, '533.00', 2),
(77, 122, '737.00', 1),
(78, 22, '180.00', 3),
(78, 46, '280.00', 3),
(78, 83, '719.00', 1),
(78, 96, '266.00', 3),
(78, 103, '15.00', 2),
(79, 57, '756.00', 2),
(79, 92, '62.00', 3),
(79, 100, '811.00', 3),
(79, 166, '169.00', 1),
(79, 185, '865.00', 3),
(80, 90, '226.00', 2),
(81, 74, '218.00', 3),
(82, 31, '500.00', 2),
(82, 41, '11.00', 3),
(82, 79, '282.00', 1),
(83, 46, '280.00', 3),
(83, 90, '226.00', 3),
(84, 111, '158.00', 1),
(85, 34, '462.00', 1),
(85, 59, '513.00', 1),
(85, 72, '992.00', 3),
(85, 86, '365.00', 1),
(85, 131, '214.00', 3),
(86, 80, '877.00', 2),
(86, 109, '333.00', 1),
(87, 54, '117.00', 3),
(87, 73, '593.00', 1),
(87, 79, '282.00', 2),
(87, 161, '930.00', 1),
(87, 189, '399.00', 1),
(88, 72, '992.00', 3),
(88, 73, '593.00', 1),
(88, 151, '386.00', 1),
(89, 61, '795.00', 3),
(89, 71, '501.00', 1),
(89, 141, '776.00', 1),
(90, 2, '989.00', 3),
(90, 45, '635.00', 3),
(90, 67, '99.00', 2),
(91, 41, '11.00', 2),
(91, 66, '587.00', 1),
(91, 82, '499.00', 2),
(91, 161, '930.00', 3),
(91, 192, '327.00', 2),
(92, 1, '752.00', 3),
(92, 5, '940.00', 1),
(92, 108, '533.00', 3),
(92, 150, '116.00', 1),
(92, 185, '865.00', 1),
(93, 15, '480.00', 2),
(93, 31, '500.00', 2),
(93, 157, '789.00', 1),
(93, 195, '929.00', 3),
(94, 2, '989.00', 3),
(94, 104, '274.00', 2),
(94, 142, '789.00', 2),
(95, 35, '351.00', 1),
(95, 44, '352.00', 3),
(95, 80, '877.00', 2),
(95, 160, '476.00', 2),
(95, 179, '422.00', 3),
(96, 90, '226.00', 3),
(97, 20, '893.00', 2),
(98, 22, '180.00', 3),
(98, 191, '793.00', 3),
(99, 28, '747.00', 3),
(100, 33, '166.00', 1),
(100, 45, '635.00', 2),
(100, 94, '402.00', 2),
(100, 112, '739.00', 1),
(101, 2, '989.00', 2),
(101, 53, '427.00', 2),
(101, 66, '587.00', 3),
(101, 154, '951.00', 3),
(101, 186, '52.00', 2),
(102, 178, '89.00', 1),
(103, 31, '500.00', 2),
(103, 145, '856.00', 3),
(103, 171, '410.00', 3),
(103, 175, '703.00', 3),
(104, 80, '877.00', 2),
(104, 152, '446.00', 1),
(104, 168, '989.00', 3),
(105, 1, '752.00', 1),
(105, 18, '512.00', 3),
(105, 103, '15.00', 2),
(105, 127, '272.00', 2),
(105, 159, '485.00', 2),
(106, 21, '80.00', 1),
(107, 13, '401.00', 1),
(107, 112, '739.00', 3),
(107, 154, '951.00', 2),
(107, 168, '989.00', 2),
(108, 5, '940.00', 2),
(108, 40, '919.00', 1),
(108, 78, '187.00', 2),
(108, 99, '348.00', 2),
(108, 115, '929.00', 3),
(109, 44, '352.00', 1),
(109, 60, '388.00', 1),
(109, 85, '645.00', 3),
(109, 122, '737.00', 2),
(109, 130, '332.00', 1),
(110, 43, '94.00', 3),
(111, 20, '893.00', 2),
(111, 33, '166.00', 3),
(111, 91, '407.00', 3),
(111, 151, '386.00', 1),
(112, 156, '61.00', 2),
(113, 47, '552.00', 3),
(113, 56, '368.00', 1),
(113, 119, '972.00', 2),
(114, 59, '513.00', 3),
(115, 87, '17.00', 1),
(116, 5, '940.00', 2),
(117, 17, '498.00', 3),
(117, 73, '593.00', 1),
(117, 84, '353.00', 2),
(117, 131, '214.00', 2),
(117, 168, '989.00', 1),
(118, 19, '691.00', 2),
(118, 55, '39.00', 2),
(118, 68, '248.00', 3),
(118, 80, '877.00', 2),
(118, 87, '17.00', 2),
(119, 119, '972.00', 1),
(119, 179, '422.00', 2),
(120, 3, '845.00', 2),
(120, 28, '747.00', 1),
(120, 75, '631.00', 3),
(121, 3, '845.00', 3),
(121, 115, '929.00', 1),
(122, 84, '353.00', 3),
(122, 128, '430.00', 2),
(123, 4, '994.00', 3),
(123, 57, '756.00', 2),
(123, 84, '353.00', 2),
(123, 126, '546.00', 1),
(123, 188, '311.00', 1),
(124, 50, '792.00', 3),
(124, 59, '513.00', 1),
(124, 112, '739.00', 3),
(125, 40, '919.00', 1),
(125, 65, '166.00', 3),
(125, 98, '580.00', 1),
(125, 107, '618.00', 1),
(125, 111, '158.00', 3),
(126, 5, '940.00', 2),
(126, 57, '756.00', 2),
(126, 133, '747.00', 3),
(126, 160, '476.00', 1),
(127, 19, '691.00', 2),
(127, 117, '298.00', 3),
(127, 195, '929.00', 1),
(128, 168, '989.00', 3),
(129, 78, '187.00', 3),
(129, 125, '493.00', 3),
(129, 153, '682.00', 1),
(130, 39, '697.00', 3),
(130, 115, '929.00', 1),
(130, 144, '156.00', 2),
(130, 162, '153.00', 3),
(130, 178, '89.00', 2),
(131, 6, '944.00', 3),
(131, 75, '631.00', 3),
(132, 104, '274.00', 2),
(132, 151, '386.00', 2),
(132, 152, '446.00', 2),
(132, 176, '651.00', 2),
(133, 15, '480.00', 2),
(133, 23, '400.00', 2),
(133, 106, '620.00', 2),
(133, 125, '493.00', 3),
(133, 170, '939.00', 2),
(134, 65, '166.00', 1),
(134, 157, '789.00', 1),
(134, 184, '655.00', 2),
(135, 92, '62.00', 2),
(135, 108, '533.00', 3),
(135, 115, '929.00', 3),
(135, 162, '153.00', 2),
(136, 132, '592.00', 2),
(136, 176, '651.00', 2),
(137, 32, '225.00', 3),
(137, 147, '263.00', 2),
(137, 165, '780.00', 3),
(138, 54, '117.00', 3),
(139, 105, '165.00', 3),
(139, 162, '153.00', 1),
(140, 55, '39.00', 1),
(140, 101, '205.00', 1),
(141, 7, '564.00', 2),
(141, 23, '400.00', 1),
(141, 127, '272.00', 1),
(142, 94, '402.00', 3),
(142, 104, '274.00', 2),
(143, 56, '368.00', 1),
(143, 68, '248.00', 1),
(143, 117, '298.00', 3),
(143, 173, '325.00', 2),
(143, 178, '89.00', 3),
(144, 11, '686.00', 2),
(144, 46, '280.00', 2),
(145, 27, '944.00', 2),
(145, 145, '856.00', 3),
(145, 157, '789.00', 3),
(146, 14, '440.00', 3),
(146, 49, '194.00', 3),
(146, 135, '885.00', 3),
(146, 159, '485.00', 2),
(147, 14, '440.00', 1),
(147, 29, '292.00', 2),
(147, 82, '499.00', 2),
(148, 139, '381.00', 3),
(149, 27, '944.00', 3),
(150, 63, '939.00', 3),
(150, 101, '205.00', 3),
(151, 171, '410.00', 3),
(152, 91, '407.00', 2),
(152, 140, '488.00', 3),
(152, 192, '327.00', 1),
(153, 155, '539.00', 2),
(154, 27, '944.00', 1),
(154, 104, '274.00', 3),
(154, 110, '677.00', 1),
(154, 119, '972.00', 2),
(155, 57, '756.00', 3),
(155, 83, '719.00', 1),
(156, 43, '94.00', 2),
(157, 31, '500.00', 3),
(157, 131, '214.00', 2),
(158, 12, '387.00', 1),
(158, 32, '225.00', 1),
(158, 38, '18.00', 1),
(158, 108, '533.00', 2),
(158, 115, '929.00', 3),
(159, 32, '225.00', 2),
(159, 33, '166.00', 1),
(159, 175, '703.00', 1),
(160, 90, '226.00', 3),
(160, 115, '929.00', 3),
(160, 116, '407.00', 3),
(161, 54, '117.00', 3),
(161, 108, '533.00', 2),
(162, 83, '719.00', 3),
(162, 115, '929.00', 2),
(162, 159, '485.00', 2),
(162, 167, '165.00', 2),
(163, 111, '158.00', 1),
(164, 87, '17.00', 1),
(164, 91, '407.00', 1),
(164, 109, '333.00', 3),
(164, 111, '158.00', 1),
(165, 131, '214.00', 3),
(165, 156, '61.00', 2),
(166, 150, '116.00', 1),
(167, 49, '194.00', 1),
(167, 93, '787.00', 1),
(167, 107, '618.00', 3),
(167, 157, '789.00', 1),
(167, 182, '760.00', 2),
(168, 18, '512.00', 2),
(168, 59, '513.00', 1),
(168, 181, '541.00', 3),
(168, 185, '865.00', 1),
(169, 27, '944.00', 2),
(169, 73, '593.00', 1),
(169, 169, '807.00', 1),
(170, 61, '795.00', 3),
(170, 96, '266.00', 3),
(170, 126, '546.00', 3),
(171, 168, '989.00', 3),
(171, 178, '89.00', 1),
(172, 65, '166.00', 1),
(172, 99, '348.00', 3),
(172, 118, '411.00', 2),
(172, 141, '776.00', 1),
(172, 186, '52.00', 3),
(173, 41, '11.00', 1),
(173, 173, '325.00', 2),
(174, 16, '263.00', 2),
(174, 65, '166.00', 3),
(174, 70, '530.00', 3),
(174, 100, '811.00', 2),
(174, 178, '89.00', 2),
(175, 105, '165.00', 2),
(176, 3, '845.00', 2),
(176, 26, '334.00', 2),
(176, 193, '225.00', 2),
(177, 59, '513.00', 3),
(177, 101, '205.00', 1),
(178, 14, '440.00', 2),
(178, 119, '972.00', 3),
(178, 148, '999.00', 2),
(178, 183, '414.00', 1),
(179, 12, '387.00', 1),
(179, 69, '324.00', 1),
(179, 76, '227.00', 2),
(179, 118, '411.00', 3),
(179, 126, '546.00', 3),
(180, 74, '218.00', 1),
(180, 104, '274.00', 2),
(180, 152, '446.00', 1),
(180, 180, '996.00', 1),
(180, 187, '810.00', 2),
(181, 80, '877.00', 2),
(181, 81, '617.00', 2),
(181, 100, '811.00', 2),
(182, 78, '187.00', 2),
(183, 6, '944.00', 2),
(183, 15, '480.00', 2),
(183, 123, '499.00', 1),
(183, 132, '592.00', 3),
(183, 157, '789.00', 1),
(184, 63, '939.00', 2),
(184, 120, '941.00', 3),
(184, 131, '214.00', 2),
(184, 166, '169.00', 3),
(184, 182, '760.00', 1),
(185, 15, '480.00', 1),
(185, 73, '593.00', 1),
(185, 126, '546.00', 2),
(186, 2, '989.00', 3),
(186, 37, '893.00', 1),
(187, 12, '387.00', 1),
(187, 41, '11.00', 2),
(187, 116, '407.00', 2),
(187, 132, '592.00', 2),
(187, 157, '789.00', 2),
(188, 44, '352.00', 2),
(188, 162, '153.00', 2),
(188, 169, '807.00', 2),
(189, 68, '248.00', 2),
(189, 107, '618.00', 3),
(189, 174, '956.00', 3),
(189, 192, '327.00', 1),
(190, 26, '334.00', 3),
(190, 62, '605.00', 3),
(191, 64, '534.00', 3),
(191, 98, '580.00', 1),
(192, 3, '845.00', 2),
(192, 41, '11.00', 3),
(192, 108, '533.00', 1),
(192, 164, '911.00', 3),
(193, 33, '166.00', 2),
(193, 102, '345.00', 2),
(193, 135, '885.00', 1),
(193, 164, '911.00', 3),
(194, 71, '501.00', 3),
(194, 120, '941.00', 2),
(195, 68, '248.00', 1),
(195, 105, '165.00', 2),
(196, 192, '327.00', 1),
(197, 2, '989.00', 3),
(197, 36, '584.00', 1),
(197, 44, '352.00', 2),
(197, 82, '499.00', 2),
(197, 97, '281.00', 1),
(198, 153, '682.00', 3),
(199, 78, '187.00', 3),
(199, 80, '877.00', 1),
(199, 87, '17.00', 3),
(199, 107, '618.00', 1),
(199, 157, '789.00', 3),
(200, 40, '919.00', 1),
(200, 61, '795.00', 3),
(201, 27, '944.00', 3),
(201, 33, '166.00', 3),
(201, 110, '677.00', 3),
(202, 36, '584.00', 2),
(202, 62, '605.00', 3),
(202, 101, '205.00', 3),
(203, 57, '756.00', 1),
(204, 56, '368.00', 1),
(204, 150, '116.00', 2),
(204, 162, '153.00', 2),
(204, 195, '929.00', 1),
(205, 14, '440.00', 1),
(205, 36, '584.00', 3),
(205, 69, '324.00', 3),
(205, 81, '617.00', 1),
(205, 135, '885.00', 3),
(206, 32, '225.00', 3),
(207, 19, '691.00', 3),
(207, 111, '158.00', 1),
(208, 64, '534.00', 3),
(208, 68, '248.00', 1),
(208, 166, '169.00', 2),
(209, 46, '280.00', 3),
(209, 70, '530.00', 2),
(209, 84, '353.00', 3),
(209, 179, '422.00', 1),
(210, 18, '512.00', 2),
(210, 84, '353.00', 2),
(210, 85, '645.00', 3),
(210, 106, '620.00', 1),
(210, 167, '165.00', 3),
(211, 27, '944.00', 1),
(211, 118, '411.00', 1),
(211, 128, '430.00', 3),
(211, 140, '488.00', 3),
(211, 157, '789.00', 3),
(212, 49, '194.00', 1),
(213, 55, '39.00', 3),
(213, 77, '681.00', 1),
(213, 154, '951.00', 3),
(213, 183, '414.00', 1),
(214, 72, '992.00', 2),
(214, 140, '488.00', 1),
(214, 189, '399.00', 1),
(215, 24, '866.00', 1),
(215, 58, '145.00', 3),
(215, 140, '488.00', 3),
(215, 157, '789.00', 2),
(216, 5, '940.00', 3),
(216, 59, '513.00', 2),
(216, 121, '444.00', 1),
(217, 9, '42.00', 1),
(217, 29, '292.00', 3),
(217, 138, '94.00', 1),
(217, 189, '399.00', 3),
(218, 28, '747.00', 2),
(218, 31, '500.00', 3),
(218, 95, '348.00', 2),
(219, 22, '180.00', 2),
(219, 44, '352.00', 1),
(219, 126, '546.00', 2),
(219, 169, '807.00', 1),
(220, 144, '156.00', 1),
(221, 23, '400.00', 1),
(221, 84, '353.00', 2),
(221, 144, '156.00', 3),
(222, 76, '227.00', 3),
(222, 138, '94.00', 2),
(223, 34, '462.00', 3),
(223, 133, '747.00', 1),
(223, 144, '156.00', 1),
(223, 182, '760.00', 3),
(224, 116, '407.00', 2),
(225, 43, '94.00', 3),
(225, 79, '282.00', 2),
(225, 151, '386.00', 1),
(226, 103, '15.00', 1),
(226, 133, '747.00', 2),
(226, 160, '476.00', 2),
(227, 73, '593.00', 1),
(228, 2, '989.00', 3),
(228, 25, '898.00', 2),
(228, 89, '548.00', 3),
(229, 92, '62.00', 3),
(229, 123, '499.00', 1),
(229, 138, '94.00', 2),
(229, 171, '410.00', 1),
(230, 105, '165.00', 3),
(231, 76, '227.00', 3),
(231, 168, '989.00', 3),
(231, 176, '651.00', 2),
(232, 67, '99.00', 2),
(232, 94, '402.00', 3),
(232, 125, '493.00', 2),
(233, 27, '944.00', 2),
(233, 77, '681.00', 2),
(233, 132, '592.00', 1),
(233, 164, '911.00', 2),
(234, 18, '512.00', 3),
(234, 72, '992.00', 3),
(234, 81, '617.00', 2),
(234, 178, '89.00', 2),
(235, 9, '42.00', 2),
(236, 67, '99.00', 2),
(236, 83, '719.00', 2),
(236, 167, '165.00', 1),
(236, 184, '655.00', 2),
(237, 98, '580.00', 3),
(238, 48, '556.00', 2),
(238, 68, '248.00', 2),
(238, 167, '165.00', 3),
(238, 172, '222.00', 2),
(239, 1, '752.00', 2),
(239, 54, '117.00', 3),
(240, 13, '401.00', 1),
(240, 47, '552.00', 2),
(240, 157, '789.00', 3),
(241, 11, '686.00', 2),
(241, 26, '334.00', 3),
(241, 152, '446.00', 3),
(242, 29, '292.00', 3),
(243, 74, '218.00', 2),
(243, 106, '620.00', 1),
(243, 159, '485.00', 2),
(243, 165, '780.00', 1),
(244, 16, '263.00', 3),
(244, 35, '351.00', 1),
(244, 135, '885.00', 1),
(244, 174, '956.00', 2),
(245, 96, '266.00', 2),
(245, 156, '61.00', 2),
(245, 177, '954.00', 1),
(246, 17, '498.00', 1),
(246, 41, '11.00', 1),
(246, 46, '280.00', 1),
(246, 165, '780.00', 3),
(247, 82, '499.00', 3),
(247, 97, '281.00', 2),
(247, 103, '15.00', 1),
(248, 148, '999.00', 2),
(249, 44, '352.00', 1),
(250, 31, '500.00', 2),
(250, 194, '732.00', 2),
(251, 12, '387.00', 2),
(252, 138, '94.00', 2),
(253, 20, '893.00', 3),
(253, 107, '618.00', 2),
(254, 51, '913.00', 1),
(254, 100, '811.00', 3),
(254, 148, '999.00', 2),
(254, 167, '165.00', 3),
(255, 16, '263.00', 1),
(255, 20, '893.00', 2),
(255, 50, '792.00', 1),
(255, 170, '939.00', 1),
(255, 184, '655.00', 2),
(256, 27, '944.00', 3),
(256, 42, '425.00', 2),
(256, 74, '218.00', 3),
(256, 100, '811.00', 3),
(256, 178, '89.00', 3),
(257, 55, '39.00', 1),
(257, 63, '939.00', 3),
(257, 140, '488.00', 3),
(258, 153, '682.00', 2),
(258, 174, '956.00', 3),
(258, 180, '996.00', 2),
(259, 7, '564.00', 2),
(259, 11, '686.00', 1),
(259, 20, '893.00', 2),
(259, 159, '485.00', 3),
(259, 175, '703.00', 1),
(260, 31, '500.00', 1),
(260, 35, '351.00', 1),
(260, 40, '919.00', 1),
(261, 59, '513.00', 2),
(261, 124, '981.00', 1),
(262, 11, '686.00', 2),
(262, 19, '691.00', 1),
(262, 83, '719.00', 2),
(262, 99, '348.00', 2),
(262, 137, '891.00', 2),
(263, 120, '941.00', 3),
(263, 144, '156.00', 2),
(264, 85, '645.00', 1),
(264, 136, '907.00', 1),
(265, 96, '266.00', 1),
(266, 60, '388.00', 3),
(267, 89, '548.00', 1),
(267, 90, '226.00', 3),
(268, 20, '893.00', 3),
(268, 33, '166.00', 3),
(268, 85, '645.00', 1),
(269, 14, '440.00', 3),
(269, 173, '325.00', 2),
(269, 174, '956.00', 2),
(270, 9, '42.00', 2),
(271, 28, '747.00', 3),
(271, 31, '500.00', 1),
(271, 57, '756.00', 2),
(271, 120, '941.00', 3),
(271, 190, '770.00', 2),
(272, 6, '944.00', 3),
(272, 9, '42.00', 1),
(272, 28, '747.00', 2),
(272, 157, '789.00', 2),
(273, 6, '944.00', 2),
(273, 90, '226.00', 1),
(273, 164, '911.00', 2),
(274, 4, '994.00', 1),
(274, 37, '893.00', 1),
(275, 7, '564.00', 3),
(275, 33, '166.00', 3),
(276, 142, '789.00', 1),
(276, 154, '951.00', 2),
(276, 164, '911.00', 1),
(277, 64, '534.00', 3),
(277, 75, '631.00', 2),
(277, 98, '580.00', 1),
(277, 100, '811.00', 3),
(277, 102, '345.00', 2),
(278, 3, '845.00', 2),
(278, 60, '388.00', 1),
(278, 96, '266.00', 1),
(278, 128, '430.00', 1),
(278, 184, '655.00', 1),
(279, 10, '676.00', 3),
(279, 27, '944.00', 3),
(279, 43, '94.00', 1),
(279, 89, '548.00', 1),
(279, 176, '651.00', 1),
(280, 11, '686.00', 3),
(280, 41, '11.00', 3),
(280, 147, '263.00', 1),
(280, 155, '539.00', 2),
(281, 15, '480.00', 2),
(281, 41, '11.00', 3),
(281, 47, '552.00', 3),
(281, 154, '951.00', 2),
(282, 87, '17.00', 2),
(282, 92, '62.00', 1),
(282, 131, '214.00', 1),
(282, 143, '550.00', 2),
(283, 8, '226.00', 2),
(283, 117, '298.00', 1),
(283, 155, '539.00', 2),
(283, 185, '865.00', 1),
(284, 23, '400.00', 1),
(284, 147, '263.00', 3),
(285, 80, '877.00', 3),
(286, 71, '501.00', 2),
(286, 77, '681.00', 1),
(286, 114, '616.00', 1),
(286, 156, '61.00', 1),
(286, 189, '399.00', 2),
(287, 54, '117.00', 2),
(287, 97, '281.00', 2),
(287, 163, '344.00', 2),
(287, 167, '165.00', 3),
(288, 12, '387.00', 1),
(288, 86, '365.00', 2),
(288, 88, '294.00', 2),
(288, 128, '430.00', 2),
(288, 183, '414.00', 1),
(289, 2, '989.00', 2),
(289, 37, '893.00', 3),
(289, 87, '17.00', 2),
(289, 140, '488.00', 3),
(290, 4, '994.00', 3),
(290, 146, '119.00', 1),
(290, 178, '89.00', 3),
(290, 195, '929.00', 1),
(291, 10, '676.00', 3),
(291, 16, '263.00', 3),
(291, 38, '18.00', 1),
(291, 45, '635.00', 1),
(291, 157, '789.00', 1),
(292, 6, '944.00', 2),
(292, 21, '80.00', 3),
(292, 83, '719.00', 1),
(293, 48, '556.00', 3),
(293, 52, '546.00', 1),
(293, 143, '550.00', 3),
(294, 1, '752.00', 3),
(294, 147, '263.00', 1),
(294, 170, '939.00', 2),
(294, 181, '541.00', 3),
(294, 189, '399.00', 2),
(295, 95, '348.00', 1),
(295, 111, '158.00', 3),
(295, 145, '856.00', 3),
(295, 164, '911.00', 1),
(296, 27, '944.00', 2),
(296, 115, '929.00', 2),
(296, 117, '298.00', 3),
(296, 176, '651.00', 2),
(297, 10, '676.00', 3),
(297, 149, '934.00', 1),
(297, 151, '386.00', 2),
(297, 194, '732.00', 1),
(298, 71, '501.00', 1),
(298, 103, '15.00', 2),
(298, 167, '165.00', 2),
(299, 148, '999.00', 2),
(300, 101, '205.00', 1),
(301, 35, '351.00', 3),
(301, 69, '324.00', 2),
(301, 78, '187.00', 2),
(301, 173, '325.00', 1),
(301, 186, '52.00', 1),
(302, 15, '480.00', 1),
(302, 77, '681.00', 3),
(302, 109, '333.00', 1),
(302, 152, '446.00', 3),
(303, 122, '737.00', 3),
(303, 134, '917.00', 3),
(303, 140, '488.00', 1),
(303, 142, '789.00', 2),
(303, 186, '52.00', 2),
(304, 14, '440.00', 3),
(304, 28, '747.00', 3),
(304, 70, '530.00', 3),
(305, 112, '739.00', 3),
(305, 118, '411.00', 2),
(305, 124, '981.00', 2),
(305, 137, '891.00', 1),
(305, 167, '165.00', 1),
(306, 46, '280.00', 1),
(306, 93, '787.00', 3),
(306, 180, '996.00', 2),
(306, 184, '655.00', 3),
(307, 4, '994.00', 2),
(308, 53, '427.00', 2),
(308, 124, '981.00', 1),
(309, 106, '620.00', 2),
(309, 149, '934.00', 1),
(309, 158, '442.00', 1),
(309, 177, '954.00', 2),
(310, 82, '499.00', 2),
(310, 119, '972.00', 3),
(310, 182, '760.00', 1),
(311, 23, '400.00', 2),
(311, 84, '353.00', 1),
(311, 104, '274.00', 2),
(311, 185, '865.00', 3),
(312, 48, '556.00', 2),
(312, 82, '499.00', 2),
(312, 119, '972.00', 2),
(312, 186, '52.00', 1),
(313, 90, '226.00', 1),
(313, 144, '156.00', 3),
(313, 186, '52.00', 1),
(313, 190, '770.00', 3),
(314, 102, '345.00', 2),
(314, 141, '776.00', 1),
(315, 176, '651.00', 1),
(316, 54, '117.00', 2),
(316, 70, '530.00', 1),
(316, 84, '353.00', 2),
(316, 157, '789.00', 2),
(316, 165, '780.00', 2),
(317, 194, '732.00', 3),
(318, 145, '856.00', 3),
(319, 183, '414.00', 1),
(319, 190, '770.00', 3),
(320, 1, '752.00', 1),
(320, 59, '513.00', 2),
(320, 83, '719.00', 3),
(320, 151, '386.00', 1),
(321, 24, '866.00', 2),
(321, 152, '446.00', 3),
(322, 66, '587.00', 1),
(322, 147, '263.00', 2),
(322, 162, '153.00', 1),
(322, 166, '169.00', 3),
(323, 183, '414.00', 2),
(323, 184, '655.00', 3),
(324, 30, '132.00', 2),
(324, 76, '227.00', 2),
(324, 143, '550.00', 1),
(324, 158, '442.00', 3),
(325, 63, '939.00', 1),
(325, 73, '593.00', 2),
(325, 90, '226.00', 2),
(326, 38, '18.00', 2),
(326, 120, '941.00', 1),
(326, 129, '389.00', 3),
(327, 159, '485.00', 1),
(328, 63, '939.00', 1),
(328, 101, '205.00', 2),
(328, 127, '272.00', 2),
(328, 129, '389.00', 3),
(328, 169, '807.00', 3),
(329, 6, '944.00', 3),
(329, 89, '548.00', 1),
(329, 90, '226.00', 2),
(329, 119, '972.00', 1),
(329, 156, '61.00', 3),
(330, 50, '792.00', 1),
(330, 140, '488.00', 1),
(331, 85, '645.00', 1),
(331, 138, '94.00', 3),
(331, 181, '541.00', 3),
(332, 16, '263.00', 2),
(332, 25, '898.00', 3),
(332, 96, '266.00', 1),
(333, 138, '94.00', 1),
(334, 94, '402.00', 1),
(334, 130, '332.00', 1),
(334, 132, '592.00', 1),
(334, 136, '907.00', 2),
(334, 162, '153.00', 1),
(335, 13, '401.00', 3),
(335, 90, '226.00', 3),
(335, 128, '430.00', 2),
(335, 151, '386.00', 2),
(335, 166, '169.00', 1),
(336, 6, '944.00', 1),
(336, 10, '676.00', 1),
(337, 128, '430.00', 1),
(338, 31, '500.00', 2),
(338, 58, '145.00', 3),
(338, 92, '62.00', 3),
(338, 93, '787.00', 3),
(338, 94, '402.00', 2),
(339, 7, '564.00', 3),
(339, 61, '795.00', 1),
(340, 14, '440.00', 3),
(340, 64, '534.00', 1),
(340, 114, '616.00', 3),
(340, 126, '546.00', 3),
(341, 135, '885.00', 1),
(341, 150, '116.00', 2),
(342, 30, '132.00', 1),
(342, 33, '166.00', 2),
(342, 94, '402.00', 1),
(342, 129, '389.00', 2),
(342, 190, '770.00', 1),
(343, 110, '677.00', 1),
(343, 134, '917.00', 1),
(343, 139, '381.00', 3),
(344, 122, '737.00', 3),
(345, 9, '42.00', 1),
(345, 168, '989.00', 3),
(346, 143, '550.00', 1),
(346, 153, '682.00', 3),
(346, 183, '414.00', 3),
(346, 185, '865.00', 3),
(347, 3, '845.00', 3),
(347, 13, '401.00', 1),
(347, 86, '365.00', 1),
(347, 134, '917.00', 1),
(347, 188, '311.00', 3),
(348, 4, '994.00', 3),
(348, 123, '499.00', 1),
(349, 26, '334.00', 1),
(349, 47, '552.00', 3),
(349, 155, '539.00', 1),
(350, 23, '400.00', 2),
(350, 55, '39.00', 2),
(350, 87, '17.00', 2),
(350, 133, '747.00', 2),
(350, 144, '156.00', 3),
(351, 76, '227.00', 3),
(351, 92, '62.00', 2),
(351, 148, '999.00', 2),
(352, 75, '631.00', 2),
(352, 99, '348.00', 3),
(352, 171, '410.00', 1),
(353, 10, '676.00', 1),
(353, 104, '274.00', 1),
(354, 2, '989.00', 2),
(354, 92, '62.00', 2),
(354, 145, '856.00', 1),
(355, 159, '485.00', 1),
(356, 19, '691.00', 2),
(356, 34, '462.00', 3),
(356, 60, '388.00', 3),
(356, 174, '956.00', 2),
(357, 158, '442.00', 2),
(358, 63, '939.00', 2),
(358, 116, '407.00', 1),
(359, 4, '994.00', 1),
(359, 44, '352.00', 3),
(359, 59, '513.00', 3),
(359, 104, '274.00', 2),
(360, 19, '691.00', 2),
(360, 172, '222.00', 1),
(361, 16, '263.00', 3),
(361, 163, '344.00', 2),
(362, 33, '166.00', 3),
(362, 36, '584.00', 2),
(362, 115, '929.00', 1),
(362, 135, '885.00', 1),
(363, 48, '556.00', 2),
(363, 68, '248.00', 1),
(363, 71, '501.00', 2),
(363, 93, '787.00', 3),
(363, 177, '954.00', 3),
(364, 9, '42.00', 3),
(365, 38, '18.00', 1),
(365, 48, '556.00', 1),
(365, 111, '158.00', 1),
(365, 188, '311.00', 1),
(366, 40, '919.00', 2),
(366, 48, '556.00', 2),
(366, 124, '981.00', 1),
(367, 51, '913.00', 1),
(367, 65, '166.00', 2),
(367, 99, '348.00', 3),
(367, 190, '770.00', 3),
(368, 147, '263.00', 2),
(369, 59, '513.00', 2),
(369, 104, '274.00', 3),
(369, 144, '156.00', 3),
(369, 151, '386.00', 2),
(370, 145, '856.00', 2),
(371, 97, '281.00', 2),
(371, 146, '119.00', 2),
(371, 181, '541.00', 2),
(371, 190, '770.00', 2),
(372, 82, '499.00', 1),
(373, 139, '381.00', 1),
(373, 146, '119.00', 3),
(373, 185, '865.00', 2),
(373, 190, '770.00', 1),
(374, 65, '166.00', 1),
(374, 97, '281.00', 3),
(374, 173, '325.00', 3),
(374, 177, '954.00', 2),
(374, 185, '865.00', 3),
(375, 23, '400.00', 1),
(375, 49, '194.00', 2),
(375, 170, '939.00', 1),
(375, 192, '327.00', 1),
(376, 80, '877.00', 1),
(377, 16, '263.00', 2),
(377, 59, '513.00', 1),
(378, 161, '930.00', 1),
(379, 2, '989.00', 3),
(379, 11, '686.00', 3),
(379, 30, '132.00', 3),
(379, 183, '414.00', 3),
(379, 193, '225.00', 2),
(380, 143, '550.00', 2),
(380, 163, '344.00', 3),
(381, 140, '488.00', 3),
(382, 26, '334.00', 3),
(383, 17, '498.00', 2),
(383, 20, '893.00', 2),
(383, 32, '225.00', 3),
(383, 70, '530.00', 2),
(383, 138, '94.00', 1),
(384, 153, '682.00', 3),
(384, 189, '399.00', 3),
(385, 64, '534.00', 2),
(385, 92, '62.00', 1),
(385, 137, '891.00', 3),
(385, 146, '119.00', 2),
(385, 187, '810.00', 1),
(386, 4, '994.00', 1),
(386, 42, '425.00', 2),
(387, 24, '866.00', 3),
(387, 152, '446.00', 1),
(388, 35, '351.00', 1),
(388, 127, '272.00', 2),
(388, 177, '954.00', 2),
(388, 178, '89.00', 2),
(389, 184, '655.00', 1),
(390, 20, '893.00', 3),
(390, 57, '756.00', 3),
(390, 65, '166.00', 2),
(390, 88, '294.00', 3),
(390, 174, '956.00', 2),
(391, 45, '635.00', 3),
(391, 46, '280.00', 3),
(391, 82, '499.00', 1),
(391, 102, '345.00', 3),
(391, 167, '165.00', 3),
(392, 170, '939.00', 2),
(393, 46, '280.00', 1),
(393, 77, '681.00', 2),
(393, 82, '499.00', 3),
(394, 7, '564.00', 3),
(394, 12, '387.00', 3),
(394, 47, '552.00', 3),
(394, 62, '605.00', 2),
(394, 166, '169.00', 3),
(395, 24, '866.00', 1),
(395, 57, '756.00', 1),
(395, 113, '74.00', 1),
(395, 166, '169.00', 2),
(396, 31, '500.00', 3),
(396, 53, '427.00', 3),
(396, 134, '917.00', 2),
(396, 150, '116.00', 2),
(396, 182, '760.00', 2),
(397, 34, '462.00', 3),
(397, 103, '15.00', 3),
(397, 158, '442.00', 3),
(397, 175, '703.00', 1),
(398, 51, '913.00', 1),
(398, 138, '94.00', 1),
(398, 144, '156.00', 2),
(398, 150, '116.00', 2),
(399, 37, '893.00', 2),
(399, 55, '39.00', 1),
(399, 79, '282.00', 3),
(399, 163, '344.00', 2),
(399, 164, '911.00', 3),
(400, 113, '74.00', 2),
(401, 62, '605.00', 1),
(401, 78, '187.00', 2),
(401, 171, '410.00', 3),
(401, 179, '422.00', 2),
(402, 4, '994.00', 2),
(402, 11, '686.00', 1),
(402, 31, '500.00', 2),
(402, 158, '442.00', 1),
(403, 138, '94.00', 2),
(403, 189, '399.00', 2),
(404, 110, '677.00', 2),
(404, 117, '298.00', 1),
(404, 135, '885.00', 1),
(404, 178, '89.00', 3),
(405, 36, '584.00', 3),
(405, 177, '954.00', 2),
(406, 44, '352.00', 3),
(406, 127, '272.00', 2),
(406, 129, '389.00', 2),
(406, 151, '386.00', 1),
(407, 15, '480.00', 2),
(407, 31, '500.00', 3),
(407, 62, '605.00', 3),
(408, 65, '166.00', 2),
(408, 73, '593.00', 3),
(408, 97, '281.00', 1),
(408, 111, '158.00', 3),
(408, 161, '930.00', 2),
(409, 100, '811.00', 2),
(409, 141, '776.00', 2),
(409, 181, '541.00', 1),
(410, 69, '324.00', 1),
(410, 81, '617.00', 3),
(410, 115, '929.00', 3),
(411, 47, '552.00', 2),
(411, 75, '631.00', 1),
(411, 85, '645.00', 2),
(411, 105, '165.00', 3),
(411, 154, '951.00', 3),
(412, 56, '368.00', 1),
(412, 160, '476.00', 1),
(413, 29, '292.00', 3),
(413, 135, '885.00', 1),
(413, 136, '907.00', 3),
(413, 166, '169.00', 2),
(414, 7, '564.00', 2),
(414, 61, '795.00', 1),
(414, 132, '592.00', 2),
(414, 149, '934.00', 1),
(414, 162, '153.00', 3),
(415, 22, '180.00', 1),
(415, 35, '351.00', 2),
(415, 74, '218.00', 2),
(415, 90, '226.00', 1),
(415, 166, '169.00', 2),
(416, 21, '80.00', 2),
(416, 82, '499.00', 3),
(416, 131, '214.00', 3),
(417, 13, '401.00', 2),
(417, 84, '353.00', 3),
(417, 171, '410.00', 2),
(418, 18, '512.00', 1),
(418, 21, '80.00', 2),
(418, 70, '530.00', 1),
(418, 138, '94.00', 3),
(418, 178, '89.00', 2),
(419, 45, '635.00', 3),
(419, 70, '530.00', 2),
(420, 40, '919.00', 2),
(420, 55, '39.00', 3),
(420, 83, '719.00', 2),
(420, 142, '789.00', 2),
(420, 167, '165.00', 1),
(421, 120, '941.00', 1),
(421, 181, '541.00', 2),
(422, 86, '365.00', 1),
(422, 110, '677.00', 1),
(423, 68, '248.00', 3),
(423, 122, '737.00', 3),
(423, 173, '325.00', 1),
(423, 191, '793.00', 2),
(423, 195, '929.00', 3),
(424, 20, '893.00', 2),
(424, 24, '866.00', 2),
(424, 96, '266.00', 3),
(424, 126, '546.00', 2),
(425, 184, '655.00', 3),
(426, 93, '787.00', 3),
(426, 120, '941.00', 1),
(426, 123, '499.00', 3),
(427, 26, '334.00', 3),
(427, 110, '677.00', 1),
(428, 24, '866.00', 3),
(429, 80, '877.00', 1),
(429, 142, '789.00', 1),
(429, 145, '856.00', 1),
(429, 146, '119.00', 3),
(429, 192, '327.00', 2),
(430, 44, '352.00', 1),
(430, 79, '282.00', 1),
(430, 109, '333.00', 2),
(430, 188, '311.00', 2),
(430, 195, '929.00', 3),
(431, 49, '194.00', 2),
(431, 53, '427.00', 1),
(432, 2, '989.00', 3),
(432, 151, '386.00', 2),
(433, 45, '635.00', 1),
(433, 108, '533.00', 3),
(433, 152, '446.00', 2),
(434, 80, '877.00', 2),
(435, 20, '893.00', 3),
(435, 86, '365.00', 1),
(435, 143, '550.00', 3),
(435, 192, '327.00', 1),
(436, 18, '512.00', 3),
(437, 58, '145.00', 3),
(437, 164, '911.00', 3),
(438, 163, '344.00', 1),
(439, 25, '898.00', 1),
(439, 93, '787.00', 3),
(439, 155, '539.00', 2),
(440, 12, '387.00', 1),
(440, 45, '635.00', 3),
(440, 127, '272.00', 1),
(440, 164, '911.00', 2),
(440, 195, '929.00', 3),
(441, 116, '407.00', 1),
(441, 155, '539.00', 3),
(442, 43, '94.00', 1),
(442, 52, '546.00', 3),
(442, 66, '587.00', 2),
(443, 79, '282.00', 2),
(444, 2, '989.00', 3),
(444, 105, '165.00', 3),
(444, 140, '488.00', 2),
(444, 169, '807.00', 2),
(444, 175, '703.00', 3),
(445, 9, '42.00', 2),
(445, 49, '194.00', 1),
(445, 54, '117.00', 1),
(445, 168, '989.00', 1),
(446, 40, '919.00', 2),
(446, 142, '789.00', 1),
(446, 173, '325.00', 3),
(447, 104, '274.00', 1),
(447, 118, '411.00', 2),
(447, 175, '703.00', 2),
(448, 104, '274.00', 1),
(449, 81, '617.00', 2),
(449, 91, '407.00', 2),
(450, 64, '534.00', 1),
(450, 122, '737.00', 3),
(450, 130, '332.00', 3),
(450, 168, '989.00', 2),
(451, 30, '132.00', 2),
(451, 36, '584.00', 1),
(451, 80, '877.00', 3),
(451, 195, '929.00', 3),
(452, 48, '556.00', 1),
(452, 88, '294.00', 3),
(452, 107, '618.00', 3),
(452, 148, '999.00', 2),
(453, 22, '180.00', 3),
(453, 55, '39.00', 3),
(453, 60, '388.00', 3),
(454, 60, '388.00', 1),
(454, 91, '407.00', 3),
(454, 118, '411.00', 1),
(454, 129, '389.00', 3),
(455, 119, '972.00', 1),
(455, 140, '488.00', 1),
(455, 145, '856.00', 1),
(455, 163, '344.00', 1),
(456, 33, '166.00', 2),
(456, 91, '407.00', 2),
(456, 188, '311.00', 1),
(457, 50, '792.00', 1),
(457, 92, '62.00', 2),
(457, 119, '972.00', 3),
(458, 66, '587.00', 3),
(458, 75, '631.00', 3),
(458, 131, '214.00', 3),
(459, 35, '351.00', 2),
(459, 69, '324.00', 3),
(459, 127, '272.00', 1),
(459, 179, '422.00', 2),
(459, 194, '732.00', 2),
(460, 14, '440.00', 3),
(460, 165, '780.00', 3),
(461, 28, '747.00', 3),
(461, 78, '187.00', 3),
(461, 83, '719.00', 1),
(461, 181, '541.00', 1),
(461, 192, '327.00', 3),
(462, 44, '352.00', 3),
(462, 122, '737.00', 3),
(462, 169, '807.00', 1),
(462, 173, '325.00', 2),
(462, 184, '655.00', 2),
(463, 57, '756.00', 3),
(463, 98, '580.00', 3),
(464, 164, '911.00', 2),
(465, 100, '811.00', 1),
(466, 16, '263.00', 1),
(466, 49, '194.00', 3),
(466, 169, '807.00', 1),
(466, 176, '651.00', 3),
(467, 75, '631.00', 2),
(467, 144, '156.00', 3),
(468, 14, '440.00', 3),
(468, 16, '263.00', 1),
(468, 79, '282.00', 2),
(468, 83, '719.00', 1),
(469, 12, '387.00', 3),
(469, 22, '180.00', 2),
(469, 24, '866.00', 2),
(469, 40, '919.00', 3),
(469, 45, '635.00', 1),
(470, 27, '944.00', 3),
(470, 29, '292.00', 3),
(470, 102, '345.00', 3),
(470, 170, '939.00', 1),
(471, 29, '292.00', 2),
(471, 41, '11.00', 3),
(471, 113, '74.00', 3),
(472, 21, '80.00', 3),
(472, 99, '348.00', 2),
(472, 161, '930.00', 3),
(473, 161, '930.00', 1),
(474, 65, '166.00', 3),
(474, 122, '737.00', 1),
(475, 29, '292.00', 1),
(475, 70, '530.00', 3),
(475, 74, '218.00', 2),
(475, 132, '592.00', 3),
(476, 37, '893.00', 2),
(476, 54, '117.00', 1),
(477, 101, '205.00', 3),
(477, 114, '616.00', 1),
(477, 154, '951.00', 1),
(477, 175, '703.00', 3),
(478, 145, '856.00', 3),
(478, 156, '61.00', 1),
(479, 67, '99.00', 3),
(479, 92, '62.00', 2),
(479, 167, '165.00', 3),
(480, 50, '792.00', 3),
(480, 56, '368.00', 2),
(480, 110, '677.00', 2),
(480, 111, '158.00', 2),
(480, 182, '760.00', 1),
(481, 5, '940.00', 3),
(481, 30, '132.00', 1),
(481, 147, '263.00', 3),
(482, 149, '934.00', 2),
(482, 180, '996.00', 1),
(483, 29, '292.00', 3),
(483, 131, '214.00', 2),
(483, 146, '119.00', 1),
(483, 185, '865.00', 2),
(484, 64, '534.00', 3),
(484, 69, '324.00', 3),
(484, 84, '353.00', 1),
(484, 147, '263.00', 1),
(484, 176, '651.00', 2),
(485, 49, '194.00', 3),
(485, 79, '282.00', 2),
(485, 190, '770.00', 2),
(486, 62, '605.00', 3),
(486, 74, '218.00', 1),
(486, 81, '617.00', 2),
(486, 147, '263.00', 2),
(487, 42, '425.00', 2),
(487, 134, '917.00', 1),
(488, 5, '940.00', 1),
(488, 37, '893.00', 2),
(488, 101, '205.00', 1),
(488, 126, '546.00', 3),
(488, 181, '541.00', 2),
(489, 110, '677.00', 1),
(489, 122, '737.00', 2),
(489, 136, '907.00', 1),
(489, 177, '954.00', 3),
(490, 111, '158.00', 1),
(490, 147, '263.00', 3),
(490, 190, '770.00', 2),
(491, 72, '992.00', 2),
(491, 74, '218.00', 2),
(491, 145, '856.00', 1),
(492, 33, '166.00', 1),
(492, 183, '414.00', 3),
(493, 37, '893.00', 2),
(493, 72, '992.00', 3),
(493, 143, '550.00', 1),
(493, 157, '789.00', 3),
(494, 59, '513.00', 2),
(494, 95, '348.00', 2),
(495, 34, '462.00', 3),
(495, 52, '546.00', 2),
(495, 121, '444.00', 1),
(495, 145, '856.00', 2),
(496, 7, '564.00', 1),
(496, 63, '939.00', 3),
(496, 86, '365.00', 2),
(497, 41, '11.00', 1),
(497, 144, '156.00', 3),
(498, 69, '324.00', 1),
(498, 86, '365.00', 1),
(498, 126, '546.00', 1),
(498, 152, '446.00', 3),
(499, 11, '686.00', 1),
(499, 44, '352.00', 1),
(499, 56, '368.00', 3),
(499, 105, '165.00', 3),
(499, 174, '956.00', 3),
(500, 10, '676.00', 2),
(501, 47, '552.00', 3),
(501, 84, '353.00', 2),
(501, 174, '956.00', 3),
(502, 163, '344.00', 2),
(503, 66, '587.00', 3),
(503, 114, '616.00', 3),
(503, 126, '546.00', 3),
(503, 147, '263.00', 3),
(503, 175, '703.00', 1),
(504, 36, '584.00', 1),
(504, 61, '795.00', 1),
(504, 96, '266.00', 2),
(504, 183, '414.00', 2),
(504, 194, '732.00', 3),
(505, 141, '776.00', 3),
(506, 10, '676.00', 1),
(506, 17, '498.00', 1),
(506, 41, '11.00', 3),
(506, 63, '939.00', 2),
(507, 7, '564.00', 1),
(507, 168, '989.00', 1),
(507, 172, '222.00', 2),
(508, 42, '425.00', 1),
(508, 43, '94.00', 3),
(508, 66, '587.00', 1),
(508, 72, '992.00', 2),
(508, 101, '205.00', 2),
(509, 1, '752.00', 3),
(509, 7, '564.00', 2),
(509, 120, '941.00', 3),
(509, 151, '386.00', 3),
(510, 112, '739.00', 2),
(510, 115, '929.00', 1),
(510, 129, '389.00', 1),
(510, 168, '989.00', 1),
(511, 29, '292.00', 3),
(511, 38, '18.00', 1),
(511, 89, '548.00', 2),
(511, 91, '407.00', 2),
(511, 192, '327.00', 2),
(512, 35, '351.00', 1),
(512, 68, '248.00', 3),
(512, 93, '787.00', 1),
(512, 109, '333.00', 3),
(512, 123, '499.00', 1),
(513, 123, '499.00', 2),
(514, 13, '401.00', 3),
(514, 82, '499.00', 3),
(514, 86, '365.00', 1),
(514, 162, '153.00', 1),
(515, 26, '334.00', 2);

-- --------------------------------------------------------

--
-- Structure de la table `doctrine_migration_versions`
--

CREATE TABLE `doctrine_migration_versions` (
  `version` varchar(191) COLLATE utf8_unicode_ci NOT NULL,
  `executed_at` datetime DEFAULT NULL,
  `execution_time` int(11) DEFAULT NULL
) ENGINE=InnoDB DEFAULT CHARSET=utf8 COLLATE=utf8_unicode_ci;

--
-- Déchargement des données de la table `doctrine_migration_versions`
--

INSERT INTO `doctrine_migration_versions` (`version`, `executed_at`, `execution_time`) VALUES
('DoctrineMigrations\\Version20200802184224', '2020-08-02 21:03:53', 4390);

-- --------------------------------------------------------

--
-- Structure de la table `produit`
--

CREATE TABLE `produit` (
  `id` int(11) NOT NULL,
  `categorie_id` int(11) DEFAULT NULL,
  `nom` varchar(255) COLLATE utf8mb4_unicode_ci NOT NULL,
  `ref` int(11) NOT NULL,
  `prix` decimal(10,2) NOT NULL
) ENGINE=InnoDB DEFAULT CHARSET=utf8mb4 COLLATE=utf8mb4_unicode_ci;

--
-- Déchargement des données de la table `produit`
--

INSERT INTO `produit` (`id`, `categorie_id`, `nom`, `ref`, `prix`) VALUES
(1, 1, 'telephone - Et occaecati et quasi quasi.', 70255513, '752.00'),
(2, 1, 'telephone - Nihil vero ut ut assumenda eos sunt qui.', 646911654, '989.00'),
(3, 1, 'telephone - Minus quia debitis quidem nesciunt ut minima.', 983968095, '845.00'),
(4, 1, 'telephone - Deserunt sint accusamus ut labore suscipit non voluptatem quo.', 189977187, '994.00'),
(5, 1, 'telephone - Eos consequatur aut qui dolor iure qui consequatur.', 700026678, '940.00'),
(6, 1, 'telephone - Aut voluptatum aut vel.', 724723720, '944.00'),
(7, 1, 'telephone - Molestiae ratione accusantium fuga qui doloribus doloremque corrupti.', 424267092, '564.00'),
(8, 1, 'telephone - Et voluptas alias ea veritatis.', 85487919, '226.00'),
(9, 1, 'telephone - Sed reprehenderit molestiae nihil porro ut et.', 149078677, '42.00'),
(10, 1, 'telephone - Labore voluptatem molestiae alias quos excepturi consequatur est.', 232549861, '676.00'),
(11, 1, 'telephone - Doloribus dolorem sit eveniet totam vero fugiat quae.', 108899895, '686.00'),
(12, 1, 'telephone - Necessitatibus illum fugit exercitationem unde quae laboriosam.', 701058585, '387.00'),
(13, 1, 'telephone - Quas vel esse nemo commodi harum tempore.', 626409841, '401.00'),
(14, 1, 'telephone - Nemo voluptas eaque quia possimus vero veritatis qui.', 197510973, '440.00'),
(15, 1, 'telephone - Facere soluta perferendis nihil ut.', 208164291, '480.00'),
(16, 1, 'telephone - Voluptas in dicta dicta beatae blanditiis.', 573952644, '263.00'),
(17, 1, 'telephone - Deleniti beatae sed ratione enim qui fuga.', 742319479, '498.00'),
(18, 1, 'telephone - Facilis aut sunt et aut.', 694533789, '512.00'),
(19, 1, 'telephone - Vel perspiciatis ut aut non.', 958685171, '691.00'),
(20, 1, 'telephone - Quae consequatur suscipit suscipit quasi aut.', 325722144, '893.00'),
(21, 1, 'telephone - Quia ut officia sapiente autem quo unde.', 978886226, '80.00'),
(22, 1, 'telephone - Repellendus est officia aliquid aspernatur est.', 144021900, '180.00'),
(23, 1, 'telephone - Dolorem beatae modi doloremque dolorem quo quos quaerat.', 58956022, '400.00'),
(24, 1, 'telephone - Architecto enim earum unde fuga.', 685859644, '866.00'),
(25, 1, 'telephone - Qui aliquam eos ut porro architecto dolorum ut.', 988482219, '898.00'),
(26, 1, 'telephone - Fugit a ad quaerat saepe sunt fugit.', 876810640, '334.00'),
(27, 1, 'telephone - Incidunt repellat facere quos odit est enim inventore.', 697261802, '944.00'),
(28, 1, 'telephone - Neque qui ullam ipsa aut voluptate.', 279272962, '747.00'),
(29, 1, 'telephone - Dolor velit nesciunt reiciendis necessitatibus amet.', 732741280, '292.00'),
(30, 1, 'telephone - Sapiente dolorem dolorum dolorem ea.', 508913715, '132.00'),
(31, 1, 'telephone - Doloribus et iure et voluptatibus.', 28700300, '500.00'),
(32, 1, 'telephone - Omnis officia debitis omnis eum veritatis ut eos.', 481137551, '225.00'),
(33, 1, 'telephone - Consequatur ut quia unde nam similique.', 860119349, '166.00'),
(34, 1, 'telephone - Et suscipit maxime voluptatem eos a non.', 157099326, '462.00'),
(35, 1, 'telephone - Sit iusto ab eos eum earum.', 668593399, '351.00'),
(36, 1, 'telephone - Et assumenda optio eveniet autem ex amet animi quaerat.', 554763623, '584.00'),
(37, 1, 'telephone - Distinctio provident quis ad doloremque voluptatum consequatur et qui.', 933650599, '893.00'),
(38, 1, 'telephone - Nobis iure suscipit sit ex soluta in non.', 874543831, '18.00'),
(39, 1, 'telephone - Iste sint porro ipsa aspernatur explicabo magni.', 972625686, '697.00'),
(40, 1, 'telephone - Distinctio repudiandae libero in id.', 544685500, '919.00'),
(41, 1, 'telephone - Doloremque mollitia error provident ut quasi.', 935659497, '11.00'),
(42, 1, 'telephone - Maiores aut libero sit id officiis quidem.', 20053447, '425.00'),
(43, 2, 'ordinateur - Assumenda sed unde quia amet et facere dolorem quis.', 796062691, '94.00'),
(44, 2, 'ordinateur - Ducimus in reiciendis nemo eveniet corrupti.', 543003595, '352.00'),
(45, 2, 'ordinateur - Asperiores ab sunt est ut.', 294980035, '635.00'),
(46, 2, 'ordinateur - Maxime sed tempora ratione maxime cum aut porro molestiae.', 376600820, '280.00'),
(47, 2, 'ordinateur - Est neque dolorem adipisci sit maxime.', 312838532, '552.00'),
(48, 2, 'ordinateur - Quia eos est corporis facilis.', 937549621, '556.00'),
(49, 2, 'ordinateur - Tempore et qui molestias non.', 231215245, '194.00'),
(50, 2, 'ordinateur - Praesentium delectus nobis cupiditate consequatur incidunt.', 425503601, '792.00'),
(51, 2, 'ordinateur - Quam aut autem aliquam corporis earum iure consequatur est.', 500332665, '913.00'),
(52, 2, 'ordinateur - Et ab qui cumque distinctio ipsam id cupiditate.', 353487495, '546.00'),
(53, 2, 'ordinateur - Voluptatum et aliquid perferendis reiciendis consequatur quas.', 178396731, '427.00'),
(54, 2, 'ordinateur - Nisi ut tempora nam.', 832814936, '117.00'),
(55, 2, 'ordinateur - Iusto neque est suscipit magnam.', 546296029, '39.00'),
(56, 2, 'ordinateur - Eos quaerat mollitia cum consequatur vel numquam.', 927142734, '368.00'),
(57, 2, 'ordinateur - Voluptates non molestias doloremque rerum.', 392194185, '756.00'),
(58, 2, 'ordinateur - Odio aspernatur ducimus earum saepe.', 4596395, '145.00'),
(59, 2, 'ordinateur - Ut consectetur qui veniam sit omnis iure repudiandae.', 300461795, '513.00'),
(60, 2, 'ordinateur - Sed et esse quo sint provident quo molestiae.', 542840483, '388.00'),
(61, 2, 'ordinateur - Qui aperiam dicta repudiandae et quod.', 736411863, '795.00'),
(62, 2, 'ordinateur - Cupiditate maxime impedit ut adipisci assumenda magni nihil.', 340795687, '605.00'),
(63, 2, 'ordinateur - Aut aperiam eius eum nam.', 46799565, '939.00'),
(64, 2, 'ordinateur - Ullam voluptatem aut autem veniam.', 782675580, '534.00'),
(65, 2, 'ordinateur - Vel rerum fugiat deleniti possimus quo placeat hic.', 642824931, '166.00'),
(66, 2, 'ordinateur - Dolore doloremque repudiandae fugiat natus.', 574674542, '587.00'),
(67, 2, 'ordinateur - Et et nobis tempora expedita.', 948894179, '99.00'),
(68, 2, 'ordinateur - Adipisci commodi dolorem est corporis.', 459572589, '248.00'),
(69, 2, 'ordinateur - Ut et et totam hic et ut.', 728910442, '324.00'),
(70, 2, 'ordinateur - Maxime sit illo qui alias.', 349880159, '530.00'),
(71, 2, 'ordinateur - Neque voluptatem qui est aut quos qui dolorem necessitatibus.', 655739993, '501.00'),
(72, 2, 'ordinateur - Ut magni qui a sed.', 852368258, '992.00'),
(73, 2, 'ordinateur - Veritatis ullam est vel omnis.', 608272319, '593.00'),
(74, 2, 'ordinateur - Quis pariatur itaque quasi vero cumque rerum.', 145433672, '218.00'),
(75, 2, 'ordinateur - Consequuntur rerum impedit expedita vel aut.', 935695436, '631.00'),
(76, 2, 'ordinateur - Asperiores doloribus suscipit quidem qui quisquam consequatur harum.', 473283819, '227.00'),
(77, 2, 'ordinateur - Ratione delectus facilis aperiam animi fugit.', 838233434, '681.00'),
(78, 2, 'ordinateur - Provident ut placeat rerum esse.', 814247660, '187.00'),
(79, 2, 'ordinateur - Consequatur alias voluptate dicta velit nihil exercitationem doloribus dolor.', 67383099, '282.00'),
(80, 2, 'ordinateur - Adipisci ut praesentium maxime ut.', 106323786, '877.00'),
(81, 2, 'ordinateur - Voluptates ab rerum doloremque repellendus.', 762925922, '617.00'),
(82, 2, 'ordinateur - Voluptas facilis ab doloribus sed officiis ex ut.', 241065412, '499.00'),
(83, 3, 'electromenager - Adipisci consectetur magni ut minima.', 391829554, '719.00'),
(84, 3, 'electromenager - Quo quos sunt et in dicta rerum non.', 94993240, '353.00'),
(85, 3, 'electromenager - Et dicta aspernatur ipsa.', 328818959, '645.00'),
(86, 3, 'electromenager - Enim vero sequi exercitationem distinctio labore quasi in.', 649475389, '365.00'),
(87, 3, 'electromenager - Qui quo nesciunt soluta et distinctio aut magnam.', 972142110, '17.00'),
(88, 3, 'electromenager - Velit impedit iure dignissimos at accusantium quo.', 865890926, '294.00'),
(89, 3, 'electromenager - Ipsa mollitia quae est fugiat nihil qui ut.', 772350816, '548.00'),
(90, 3, 'electromenager - Velit esse soluta officiis a animi.', 114772462, '226.00'),
(91, 3, 'electromenager - Voluptates minus quos facere culpa adipisci tenetur voluptatem.', 978996807, '407.00'),
(92, 3, 'electromenager - Aut maxime similique aut est nobis minima.', 206291775, '62.00'),
(93, 3, 'electromenager - Ab ea non praesentium eos qui.', 507226079, '787.00'),
(94, 3, 'electromenager - Ad accusamus necessitatibus enim inventore at.', 79568005, '402.00'),
(95, 3, 'electromenager - Vitae omnis odio ut deserunt neque animi deleniti.', 966418218, '348.00'),
(96, 3, 'electromenager - Laudantium quis aut excepturi voluptate ut.', 922427147, '266.00'),
(97, 3, 'electromenager - Nisi provident consectetur quasi in illum.', 875481262, '281.00'),
(98, 3, 'electromenager - In quibusdam reiciendis natus ut.', 415625859, '580.00'),
(99, 3, 'electromenager - Iure qui cumque voluptatem ut blanditiis.', 150307382, '348.00'),
(100, 3, 'electromenager - Labore vel sed voluptatem atque quia quos eum.', 695251214, '811.00'),
(101, 3, 'electromenager - Eveniet magnam atque et nam adipisci.', 8399379, '205.00'),
(102, 3, 'electromenager - Minima et et soluta doloremque quaerat est.', 178068638, '345.00'),
(103, 3, 'electromenager - Quas eum aut voluptatem aut.', 823479198, '15.00'),
(104, 3, 'electromenager - Ducimus qui pariatur doloribus quae esse.', 65184635, '274.00'),
(105, 3, 'electromenager - Voluptas eum nisi non occaecati minima et molestias.', 680756015, '165.00'),
(106, 4, 'livre - Voluptatem sed aliquid quibusdam sed.', 10150493, '620.00'),
(107, 4, 'livre - Sequi non a laudantium architecto sed officia.', 163567954, '618.00'),
(108, 4, 'livre - Aut rerum aut architecto sint.', 381075661, '533.00'),
(109, 4, 'livre - Et velit vitae dolores.', 408237352, '333.00'),
(110, 4, 'livre - Perferendis culpa ut optio vero hic error sapiente eos.', 790902786, '677.00'),
(111, 4, 'livre - Et alias nostrum quia id.', 488410297, '158.00'),
(112, 4, 'livre - Error nemo dicta nisi cupiditate ex cum beatae.', 574563596, '739.00'),
(113, 4, 'livre - Enim voluptate nam quia hic.', 565610795, '74.00'),
(114, 4, 'livre - Debitis eos provident non rerum eius veniam velit expedita.', 52057836, '616.00'),
(115, 4, 'livre - Est dicta et molestiae rerum et.', 627771742, '929.00'),
(116, 4, 'livre - Alias modi ex earum dolores eius.', 959444435, '407.00'),
(117, 4, 'livre - Quisquam cumque iure cupiditate nostrum tempora.', 450439946, '298.00'),
(118, 4, 'livre - Sint nihil sequi ipsam facere ea velit velit omnis.', 338266007, '411.00'),
(119, 4, 'livre - Rem provident itaque aut ipsa et.', 856748282, '972.00'),
(120, 4, 'livre - Quasi quis vel saepe sed.', 868175759, '941.00'),
(121, 4, 'livre - Magnam atque aut voluptatem dolorum in corrupti.', 789489895, '444.00'),
(122, 4, 'livre - Velit harum adipisci dignissimos odio voluptatem et suscipit.', 310460849, '737.00'),
(123, 4, 'livre - Earum rerum veniam minima exercitationem libero.', 430778678, '499.00'),
(124, 4, 'livre - Ab aut vel aut ut perferendis ducimus.', 773882438, '981.00'),
(125, 4, 'livre - Tenetur culpa ab accusantium voluptas cum vel.', 758748216, '493.00'),
(126, 4, 'livre - Et ipsam unde nam sed ipsa nisi ipsum.', 496934768, '546.00'),
(127, 4, 'livre - Quidem perspiciatis enim illum saepe et voluptatibus error.', 694028534, '272.00'),
(128, 4, 'livre - Asperiores nobis eos quis nostrum eveniet.', 514317389, '430.00'),
(129, 4, 'livre - Quisquam eaque ut nisi nulla.', 171307009, '389.00'),
(130, 4, 'livre - Autem eos repellendus laudantium nesciunt nihil distinctio accusamus quia.', 928809313, '332.00'),
(131, 4, 'livre - Corporis labore est incidunt dolores.', 415808453, '214.00'),
(132, 4, 'livre - Magnam temporibus porro aut.', 111120876, '592.00'),
(133, 4, 'livre - Quo pariatur vel qui fugiat reprehenderit hic quidem sunt.', 528542642, '747.00'),
(134, 4, 'livre - Eum minus dolore praesentium deserunt.', 223331849, '917.00'),
(135, 4, 'livre - Harum quis libero labore doloremque perspiciatis.', 191840706, '885.00'),
(136, 4, 'livre - Doloremque corporis officia harum assumenda quia maiores.', 853851606, '907.00'),
(137, 4, 'livre - Et inventore sit quia.', 372350950, '891.00'),
(138, 4, 'livre - Quis cupiditate ut fuga dolor.', 486223745, '94.00'),
(139, 4, 'livre - Alias fugit provident aperiam.', 800889581, '381.00'),
(140, 4, 'livre - Adipisci similique labore officiis sint cum.', 973903339, '488.00'),
(141, 4, 'livre - Aliquam illo qui distinctio neque at est.', 21455366, '776.00'),
(142, 4, 'livre - Saepe doloribus nisi dolor qui.', 689753924, '789.00'),
(143, 4, 'livre - Sunt velit aliquid velit.', 314761018, '550.00'),
(144, 4, 'livre - Sed perspiciatis accusamus vel assumenda officiis soluta unde.', 176417099, '156.00'),
(145, 4, 'livre - Qui dolores nulla pariatur est enim.', 518259099, '856.00'),
(146, 4, 'livre - Quam quis tenetur quibusdam nihil.', 684656362, '119.00'),
(147, 4, 'livre - Laboriosam dolores voluptatum quasi dolor.', 934393186, '263.00'),
(148, 5, 'jeux - Ad possimus non dolore qui.', 802654467, '999.00'),
(149, 5, 'jeux - Voluptatem enim aperiam excepturi assumenda hic molestiae.', 509473177, '934.00'),
(150, 5, 'jeux - Eveniet est molestiae natus veniam velit atque.', 826475000, '116.00'),
(151, 5, 'jeux - Et perferendis dolore fuga nesciunt illum.', 4208160, '386.00'),
(152, 5, 'jeux - Occaecati cumque molestiae omnis harum sint non qui aliquam.', 654999505, '446.00'),
(153, 5, 'jeux - Fuga hic consequatur nulla aperiam.', 630521148, '682.00'),
(154, 5, 'jeux - Quia et error ut quo aut autem neque.', 897250000, '951.00'),
(155, 5, 'jeux - Voluptas aut voluptate cum id.', 485164594, '539.00'),
(156, 5, 'jeux - Doloremque ipsa expedita corrupti.', 209838860, '61.00'),
(157, 5, 'jeux - Assumenda quia distinctio corrupti voluptate et.', 558535227, '789.00'),
(158, 5, 'jeux - Doloribus accusamus excepturi aspernatur itaque rerum.', 787635801, '442.00'),
(159, 5, 'jeux - Omnis sed iste ut omnis sunt.', 907993317, '485.00'),
(160, 5, 'jeux - In laborum possimus molestiae quod.', 337282410, '476.00'),
(161, 5, 'jeux - Sed dolor dicta voluptatem.', 308821819, '930.00'),
(162, 5, 'jeux - Voluptatem aspernatur ut culpa voluptatibus ea rerum.', 185083648, '153.00'),
(163, 5, 'jeux - Inventore est corrupti accusamus alias.', 358052516, '344.00'),
(164, 5, 'jeux - Harum atque ut occaecati consequuntur velit nam id.', 593250012, '911.00'),
(165, 5, 'jeux - Modi dolor qui quia et aut et qui.', 327259571, '780.00'),
(166, 5, 'jeux - Explicabo doloremque natus corrupti fugiat cupiditate.', 561481736, '169.00'),
(167, 5, 'jeux - Doloribus reprehenderit ut et dolores.', 712853299, '165.00'),
(168, 5, 'jeux - Velit natus fuga facere ipsum.', 431270054, '989.00'),
(169, 5, 'jeux - Ducimus pariatur aut et eos magnam facilis molestiae.', 475580637, '807.00'),
(170, 5, 'jeux - Quis porro aspernatur eum.', 472999404, '939.00'),
(171, 5, 'jeux - Ea voluptatem magni numquam tempore.', 383510986, '410.00'),
(172, 5, 'jeux - Consequatur voluptate esse maiores debitis est qui amet.', 674256001, '222.00'),
(173, 5, 'jeux - Ut quod consequatur quo dolores pariatur perferendis minima.', 957850645, '325.00'),
(174, 5, 'jeux - Quae iure distinctio consequatur quo eveniet.', 403617790, '956.00'),
(175, 5, 'jeux - Animi sit doloremque exercitationem aut dolorem provident ut.', 63411484, '703.00'),
(176, 5, 'jeux - Modi consequuntur dolor consequatur voluptatem ea.', 7650615, '651.00'),
(177, 5, 'jeux - Deleniti alias nulla voluptatum eum qui repudiandae id.', 361349258, '954.00'),
(178, 5, 'jeux - Velit quis repellendus aut eius cumque et similique.', 817727770, '89.00'),
(179, 5, 'jeux - Ut sint et qui reiciendis.', 194473186, '422.00'),
(180, 5, 'jeux - Reprehenderit asperiores voluptas esse facere deserunt voluptatum.', 242063707, '996.00'),
(181, 5, 'jeux - Enim facere enim illo nobis soluta molestiae voluptate.', 932672850, '541.00'),
(182, 5, 'jeux - Consectetur eum accusantium vel voluptas.', 325678609, '760.00'),
(183, 5, 'jeux - Incidunt aut ut eos accusamus et beatae.', 716003923, '414.00'),
(184, 5, 'jeux - Beatae voluptatem perspiciatis hic.', 938157423, '655.00'),
(185, 5, 'jeux - Facilis non aperiam veritatis rerum dicta iusto ipsa.', 21075065, '865.00'),
(186, 5, 'jeux - Recusandae repellat nihil nam blanditiis.', 855075697, '52.00'),
(187, 5, 'jeux - Consequatur ipsam dignissimos possimus inventore.', 248071485, '810.00'),
(188, 5, 'jeux - Qui qui in non consequatur dolor.', 330523467, '311.00'),
(189, 5, 'jeux - Non autem quaerat in.', 141758206, '399.00'),
(190, 5, 'jeux - Repellat aut quo est laboriosam.', 219729797, '770.00'),
(191, 5, 'jeux - Laudantium voluptas illo sed eius incidunt quia sunt consequatur.', 301211523, '793.00'),
(192, 5, 'jeux - Ut amet perferendis temporibus enim reprehenderit aperiam in.', 36444017, '327.00'),
(193, 5, 'jeux - Saepe dolores numquam tempore adipisci quaerat.', 225096690, '225.00'),
(194, 5, 'jeux - Laboriosam ut qui et est temporibus.', 803347602, '732.00'),
(195, 5, 'jeux - Deserunt velit consequatur omnis hic.', 451226675, '929.00');

--
-- Index pour les tables déchargées
--

--
-- Index pour la table `categorie`
--
ALTER TABLE `categorie`
  ADD PRIMARY KEY (`id`);

--
-- Index pour la table `client`
--
ALTER TABLE `client`
  ADD PRIMARY KEY (`id`);

--
-- Index pour la table `commande`
--
ALTER TABLE `commande`
  ADD PRIMARY KEY (`id`),
  ADD KEY `IDX_6EEAA67D19EB6921` (`client_id`);

--
-- Index pour la table `commande_ligne`
--
ALTER TABLE `commande_ligne`
  ADD PRIMARY KEY (`commande_id`,`produit_id`),
  ADD KEY `IDX_6E98044082EA2E54` (`commande_id`),
  ADD KEY `IDX_6E980440F347EFB` (`produit_id`);

--
-- Index pour la table `doctrine_migration_versions`
--
ALTER TABLE `doctrine_migration_versions`
  ADD PRIMARY KEY (`version`);

--
-- Index pour la table `produit`
--
ALTER TABLE `produit`
  ADD PRIMARY KEY (`id`),
  ADD KEY `IDX_29A5EC27BCF5E72D` (`categorie_id`);

--
-- AUTO_INCREMENT pour les tables déchargées
--

--
-- AUTO_INCREMENT pour la table `categorie`
--
ALTER TABLE `categorie`
  MODIFY `id` int(11) NOT NULL AUTO_INCREMENT, AUTO_INCREMENT=6;

--
-- AUTO_INCREMENT pour la table `client`
--
ALTER TABLE `client`
  MODIFY `id` int(11) NOT NULL AUTO_INCREMENT, AUTO_INCREMENT=101;

--
-- AUTO_INCREMENT pour la table `commande`
--
ALTER TABLE `commande`
  MODIFY `id` int(11) NOT NULL AUTO_INCREMENT, AUTO_INCREMENT=516;

--
-- AUTO_INCREMENT pour la table `produit`
--
ALTER TABLE `produit`
  MODIFY `id` int(11) NOT NULL AUTO_INCREMENT, AUTO_INCREMENT=196;

--
-- Contraintes pour les tables déchargées
--

--
-- Contraintes pour la table `commande`
--
ALTER TABLE `commande`
  ADD CONSTRAINT `FK_6EEAA67D19EB6921` FOREIGN KEY (`client_id`) REFERENCES `client` (`id`);

--
-- Contraintes pour la table `commande_ligne`
--
ALTER TABLE `commande_ligne`
  ADD CONSTRAINT `FK_6E98044082EA2E54` FOREIGN KEY (`commande_id`) REFERENCES `commande` (`id`),
  ADD CONSTRAINT `FK_6E980440F347EFB` FOREIGN KEY (`produit_id`) REFERENCES `produit` (`id`);

--
-- Contraintes pour la table `produit`
--
ALTER TABLE `produit`
  ADD CONSTRAINT `FK_29A5EC27BCF5E72D` FOREIGN KEY (`categorie_id`) REFERENCES `categorie` (`id`);
COMMIT;

/*!40101 SET CHARACTER_SET_CLIENT=@OLD_CHARACTER_SET_CLIENT */;
/*!40101 SET CHARACTER_SET_RESULTS=@OLD_CHARACTER_SET_RESULTS */;
/*!40101 SET COLLATION_CONNECTION=@OLD_COLLATION_CONNECTION */;
